CC,sgpa
1AC,6.58
1AC,7.5
1AC,4.33
1AC,5.25
1AC,8.17
1AC,4.67
1AC,6.67
1AC,4.58
1AC,5.5
1AC,3.83
1AC,3.67
1AC,6.5
1AC,7.75
1AC,1.08
1AC,7.25
1AC,6.75
1AC,6.42
1AC,1
1AC,4.92
1AC,1.75
1AC,7.17
1AC,5.83
1AC,7.08
1AC,4.75
1AC,5.75
1AC,7.83
1AC,2.25
1AC,6.75
1AC,6.83
1AC,2.42
1AC,4.17
1AC,6.08
1AC,2.42
1AC,2.58
1AC,2.5
1AC,4.25
1AC,3.08
1AC,2.58
1AC,3.58
1AC,6.75
1AC,5.42
1AC,0.67
1AC,2.83
1AC,6.42
1AC,6.83
1AC,5.67
1AC,1.42
1AC,2.17
1AC,1.25
1AC,1.75
1AC,6.25
1AC,4.25
1AC,5.17
1AC,6.17
1AC,6.58
1AC,3
1AC,6.08
1AC,2.33
1AC,6.33
1AC,8
1AC,3.5
1AC,5.58
1AC,5.58
1AC,4.25
1AC,6.17
1AC,2.08
1AC,3.17
1AC,3.58
1AC,2.92
1AC,1.25
1AC,0.5
1AC,8.33
1AC,1.92
1AC,7.67
1AC,6.42
1AC,2.83
1AC,8.58
1AC,3.5
1AC,6.08
1AM,3.92
1AM,7.58
1AM,2.5
1AM,4
1AM,7.67
1AM,6.92
1AM,8.17
1AM,7.92
1AM,8.33
1AM,3.5
1AM,4.83
1AM,9.17
1AM,7.5
1AM,8.67
1AM,2.58
1AM,8.33
1AM,9.17
1AM,8.58
1AM,6.25
1AM,8.08
1AM,4.08
1AM,3.75
1AM,5.58
1AM,7.5
1AM,4.25
1AM,2.5
1AM,9.25
1AM,0.42
1AM,4.25
1AM,7
1AM,7.58
1AM,8.33
1AM,8.17
1AM,8.67
1AM,7.92
1AM,4.58
1AM,5.5
1AM,4.33
1AM,0.33
1AM,8.5
1AM,7.75
1AM,9.17
1AM,2
1AM,3.75
1AM,6.67
1AM,8.58
1AM,7.92
1AM,6.75
1AM,8.25
1AM,5.5
1AM,3.58
1AM,2.08
1AM,7.67
1AM,3.42
1AM,7.58
1AM,5.5
1AM,7.17
1AM,1.67
1AM,7.17
1AM,6.17
1AM,8.83
1AM,9.33
1AM,7.5
1AM,5.83
1AM,2.92
1AM,6.33
1AM,5.83
1AM,7
1AM,8
1AM,5.67
1AM,8.08
1AM,7.08
1AM,8.67
1AM,3.25
1AM,7.83
1AM,9.5
1AM,8.83
1AM,5.75
1AM,6.75
1AM,4.33
1AM,4.75
1AM,5.25
1AM,5.5
1AM,6.58
1AM,5.83
1AM,9.17
1AM,5.58
1AM,8.33
1AM,8.33
1AM,6.17
1AM,7.33
1AM,6.5
1AM,8.83
1AM,6.42
1AM,8.58
1AM,2.17
1AM,3.92
1AM,8
1AM,6.67
1AM,3.67
1AM,7.5
1AM,8.5
1AM,8.67
1AM,9
1AM,6.75
1AM,0.83
1AM,7.25
1AM,6.33
1AM,6.83
1AM,6.42
1AM,4.75
1AM,6.92
1AM,7.67
1AM,6.83
1AM,4.83
1AM,6.25
1AM,6.08
1AM,6.83
1AM,9
1AM,5.25
1AM,7.42
1AM,7.75
1AM,8.58
1AM,8.25
1AM,6.33
1AM,5.5
1AM,7.5
1AM,8.58
1AM,8.58
1AM,5.42
1AM,6.58
1AM,8.75
1AM,9.33
1AM,8.5
1AM,3.67
1AM,7.67
1AM,3
1AM,4.42
1AM,3.25
1AM,3.17
1AM,5.42
1AM,4.33
1AM,4.33
1AM,4.5
1AM,4.75
1AM,4.25
1AM,7.08
1AM,7.58
1AM,6.33
1AM,8.75
1AM,8
1AM,7.92
1AM,8.5
1AM,8.5
1AM,7.83
1AM,7.5
1AM,4.5
1AM,7.08
1AM,7.5
1AM,8.17
1AM,8.08
1AM,2.75
1AM,6.33
1AM,4.33
1AM,7.08
1AM,5.83
1AM,8.25
1AM,6.92
1AM,7.08
1AM,8.5
1AM,8.25
1AM,3.33
1AM,3.83
1AM,8.58
1AM,2.92
1AM,8.75
1AM,6.42
1AM,3.58
1AM,5.17
1AM,8.42
1AM,3.08
1AM,2.17
1AM,7.75
1AM,3.92
1AM,2.33
1AM,6.17
1AM,4
1AM,6.75
1AM,8.42
1AM,8.5
1AM,1.58
1AM,5.67
1AR,6.25
1AR,7.83
1AR,5.5
1AR,8.08
1AR,4.92
1AR,6.08
1AR,4
1AR,4.83
1AR,5.25
1AR,5.42
1AR,8.33
1AR,7.83
1AT,9.17
1AT,5.58
1AT,3.75
1AT,7.17
1AT,5.17
1AT,5.83
1AT,5
1AT,6.5
1AT,7.25
1AT,8.25
1AT,8.25
1AT,3.08
1AT,5.75
1AT,3.08
1AT,6.08
1AT,6.67
1AT,6.67
1AT,6.92
1AT,9.5
1AT,8
1AT,6.92
1AT,8.17
1AT,9.08
1AT,8.67
1AT,6.17
1AT,8.67
1AT,6.58
1AT,7.25
1AT,4.25
1AT,5.5
1AT,6.08
1AT,3.17
1AT,5.5
1AT,7.83
1AT,5.08
1AT,8
1AT,9.5
1AT,8.25
1AT,6.75
1AT,7.67
1AT,7.75
1AT,9.33
1AT,8.17
1AT,7.92
1AT,8.33
1AT,7.08
1AT,5.67
1AT,8.67
1AT,8.17
1AT,6.33
1AT,8.17
1AT,7.08
1AT,7.92
1AT,5.83
1AT,6.33
1AT,7.75
1AT,9.5
1AT,5.33
1AT,6.33
1AT,6.58
1AT,7.08
1AT,4.25
1AT,6.08
1AT,7.67
1AT,3.17
1AT,9.17
1AT,7.42
1AT,7
1AT,4.25
1AT,8
1AT,2.92
1AT,7.67
1AT,6.92
1AT,8.33
1AT,2.67
1AT,6.5
1AT,6.08
1AT,6.75
1AT,8.5
1AT,8.08
1AT,8.08
1AT,7.5
1AT,5.17
1AT,8.25
1AT,9
1AT,7.42
1AT,9.5
1AT,8.83
1AT,6.42
1AT,3.17
1AT,6.58
1AT,8.83
1AT,7.42
1AT,8.58
1AT,2.67
1AT,7.67
1AT,5.17
1AT,8.83
1AT,3.33
1AT,3.75
1AT,5.83
1AT,4.25
1AT,8.83
1AT,6.25
1AT,3.25
1AT,9.33
1AT,4.17
1AT,8.5
1AT,5.58
1AT,5.75
1AT,7.5
1AT,8
1AT,8.83
1AT,9.67
1AT,6.67
1AT,4.83
1AT,7.92
1AT,6.92
1AT,7
1AT,6.25
1AT,2.42
1AT,3.17
1AT,4.42
1AU,4
1AU,5.5
1AU,7.75
1AU,6.67
1AU,8.83
1AU,4.42
1AU,7
1AU,7
1AU,8
1AU,3.67
1AU,5.83
1AU,7.83
1AU,4.42
1AU,7.42
1AU,4.83
1AU,7.83
1AU,6.5
1AU,8.5
1AU,3.08
1AU,6.17
1AU,4.75
1AU,5.75
1AU,4.58
1AU,6.08
1AU,5.67
1AU,5.33
1AU,6.08
1AU,8
1AU,7.33
1AU,5.42
1AU,5.92
1AU,1.92
1AU,4.58
1AU,1.83
1AU,6.25
1AU,5.67
1AU,6.75
1AU,6.58
1AU,3.33
1AU,7.92
1AU,7
1AU,7
1AU,5.83
1AU,3.75
1AU,3.67
1AU,3.5
1BC,6.83
1BC,5.08
1BC,1
1BC,5.42
1BC,0.42
1BC,3.5
1BC,6.83
1BC,7.58
1BC,6.92
1BG,8.33
1BG,6.42
1BG,7.33
1BG,8.67
1BG,6
1BG,7.83
1BG,8.5
1BG,9
1BG,8.08
1BG,9.25
1BG,7.75
1BG,7.92
1BG,9
1BG,2.08
1BG,9.5
1BG,8.17
1BG,6.33
1BG,9
1BG,3.58
1BG,9.17
1BG,9.17
1BG,7.5
1BG,7.83
1BG,8.67
1BG,8.67
1BG,8.67
1BG,9.33
1BG,8.83
1BG,9
1BG,3.42
1BG,5.75
1BG,5.42
1BG,8
1BG,7.42
1BG,7
1BG,8.83
1BG,6.83
1BG,9.17
1BG,8.25
1BG,5.58
1BG,9.17
1BG,8
1BG,9.17
1BG,8.5
1BG,5.25
1BG,2.92
1BG,8.42
1BG,8
1BG,8
1BG,9.5
1BG,7.83
1BG,1.92
1BG,8.92
1BG,7.42
1BG,7.83
1BG,9.5
1BG,7.67
1BG,7.75
1BG,8.17
1BG,5.67
1BG,8.5
1BG,8.83
1BG,8.42
1BG,10
1BG,9.33
1BG,9.5
1BG,6.25
1BG,9.67
1BG,9.67
1BG,8.25
1BG,5.83
1BG,8.67
1BG,6.75
1BG,8.33
1BG,3.08
1BG,7
1BG,8.5
1BG,8.83
1BG,5.33
1BG,8.5
1BG,8.58
1BG,5.08
1BG,6.17
1BG,7.83
1BG,8.67
1BG,9.17
1BG,9
1BG,7.67
1BG,6.83
1BG,5.42
1BG,7.92
1BG,7.25
1BG,8.33
1BG,6.33
1BG,8
1BG,9
1BG,8.5
1BG,8.5
1BG,7.5
1BG,9.42
1BG,4.75
1BG,8.25
1BG,8.58
1BG,8.33
1BG,8.5
1BG,8.75
1BG,9.42
1BG,9.5
1BG,4.5
1BG,9.75
1BG,6.08
1BG,7.67
1BG,8.25
1BG,8.67
1BG,8.42
1BG,8.92
1BG,6.92
1BG,6.83
1BG,4.75
1BG,8
1BG,9.5
1BH,7.17
1BH,8
1BH,6
1BH,3.17
1BH,6.83
1BH,8.58
1BH,6.83
1BH,8
1BH,5.33
1BH,3.17
1BH,4
1BH,5.75
1BH,8
1BH,6.33
1BH,6
1BH,7.17
1BH,4.08
1BH,8.83
1BH,6.75
1BH,5
1BH,8
1BH,5.33
1BH,6.83
1BH,2.5
1BH,8.67
1BH,1.92
1BH,6.67
1BH,6.83
1BH,5.5
1BH,7.25
1BH,8.25
1BH,3.33
1BH,6.83
1BH,6.83
1BH,4.92
1BH,8.42
1BH,7.67
1BH,5.92
1BH,5.67
1BH,8
1BH,8.75
1BH,7.08
1BH,4.92
1BH,8
1BH,5.58
1BH,3.42
1BH,7.92
1BH,2.83
1BH,3
1BH,6.17
1BH,3
1BH,8.58
1BH,6.58
1BH,3
1BH,4.58
1BH,7.25
1BH,4.25
1BH,1.08
1BH,6.67
1BH,7.67
1BH,6.67
1BH,8.92
1BH,6
1BH,3.42
1BH,7
1BH,5
1BH,7.67
1BH,2.83
1BH,2.25
1BI,5.92
1BI,9.17
1BI,8.08
1BI,8.5
1BI,5.5
1BI,9.33
1BI,9.33
1BI,9.17
1BI,7.92
1BI,8.83
1BI,8.17
1BI,9.83
1BI,5.75
1BI,7.83
1BI,9.17
1BI,7.5
1BI,6.08
1BI,8.67
1BI,9.33
1BI,5.5
1BI,9.5
1BI,7.83
1BI,9
1BI,7.67
1BI,9.5
1BI,4.58
1BI,8.67
1BI,9.33
1BI,3.08
1BI,8.42
1BI,8.25
1BI,7.25
1BI,9.33
1BI,7.67
1BI,7.17
1BI,4.08
1BI,6.17
1BI,7.5
1BI,6.42
1BI,3.92
1BI,8.83
1BI,9
1BI,8.5
1BI,9.17
1BI,7.75
1BI,7.33
1BI,7.58
1BI,8.25
1BI,8.25
1BI,5.33
1BI,7.83
1BI,2.67
1BI,7.75
1BI,8
1BI,7.58
1BI,9.5
1BI,9.5
1BI,7.92
1BI,5.5
1BI,9.08
1BI,5.17
1BI,7.17
1BI,8.92
1BI,6.83
1BI,9.33
1BI,7
1BI,3.42
1BI,9.25
1BI,8.17
1BI,4.5
1BI,3
1BI,8
1BI,8.42
1BI,2.42
1BI,7.5
1BI,8.75
1BI,8.5
1BI,2.67
1BI,8.58
1BI,7.08
1BI,8.08
1BI,8.33
1BI,8.67
1BI,4.08
1BI,8.75
1BI,8.5
1BI,4.42
1BI,8.67
1BI,9.25
1BI,8.67
1BI,8.5
1BI,8
1BI,8.17
1BI,8.17
1BI,7.17
1BI,9.67
1BI,8.33
1BI,3.5
1BI,8.83
1BI,9
1BI,9
1BI,3.83
1BI,8.42
1BI,6.67
1BI,8.33
1BI,8.5
1BI,4.08
1BI,9.33
1BI,8.67
1BI,7.42
1BI,8.5
1BI,8.67
1BI,8.5
1BI,9.5
1BI,6.17
1BI,8.17
1BI,8.25
1BI,7.25
1BI,8
1BI,9.17
1BI,9.33
1BI,8.83
1BI,3.67
1BI,7.08
1BI,8.42
1BI,8.17
1BI,7.17
1BI,9
1BI,9.33
1BI,7.5
1BI,8.5
1BI,4
1BI,8.83
1BI,8.5
1BI,4.25
1BI,6
1BI,9
1BI,4.5
1BI,4.92
1BI,9
1BI,8.5
1BI,7.33
1BI,9.33
1BI,8.83
1BI,8.67
1BI,7.17
1BI,8.08
1BI,9.5
1BI,8.5
1BI,3.67
1BI,7
1BI,7.67
1BI,6.17
1BI,3.58
1BI,8
1BI,8
1BI,8.33
1BI,9.5
1BI,9.5
1BI,8.83
1BI,9.33
1BI,9.08
1BI,5.08
1BI,8.33
1BI,7.83
1BI,8.5
1BI,7
1BI,9
1BI,9.08
1BI,7.5
1BI,9
1BI,8.83
1BI,1.25
1BI,8.25
1BI,4.92
1BI,6.83
1BI,5.83
1BI,3.08
1BI,7.17
1BI,8.25
1BI,2.67
1BI,8.83
1BO,9
1BO,7.75
1BO,3.17
1BO,7.25
1BO,7.75
1BO,7.5
1BO,6.58
1BO,5.5
1BO,5
1BO,7.08
1BO,0.5
1BO,5.17
1BO,5
1BO,2.67
1BO,3.83
1BO,2.83
1BO,7.83
1BO,2.08
1BO,6.42
1BO,8.33
1BO,6.33
1BO,7.67
1BO,3
1BO,4.67
1BO,6.33
1BO,5.92
1BO,8.67
1BO,5.5
1BO,7.25
1BO,3.92
1BO,4.58
1BO,2.17
1BO,6
1BO,2.67
1BO,6.42
1BO,8.33
1BO,7.33
1BO,7.42
1BO,3.33
1BO,8.83
1BO,5.5
1BO,4.42
1BO,6.92
1BO,5.75
1BO,8.58
1BO,3.58
1BO,5
1BO,5
1BO,7.08
1BO,5.67
1BO,7.83
1BO,5.25
1BO,3.58
1BO,6.5
1BO,8.5
1BO,7.58
1BO,6.5
1BO,4.75
1BO,8
1BO,5.25
1BO,7.75
1BO,5.42
1BO,3.75
1BO,2.58
1BO,2.5
1BO,3.58
1BO,6.58
1BO,5.83
1BO,2.92
1BO,2.67
1BO,7.83
1BO,8.25
1BO,2.25
1BO,6.25
1BO,8.33
1BO,7.17
1BO,7.75
1BO,3.17
1BO,8.08
1BO,1.5
1BO,8.25
1BO,3.75
1BO,4.25
1BO,6.25
1BO,5.17
1BO,3.75
1BO,8.25
1BO,7.33
1BO,7.83
1BO,6.83
1BO,8.33
1BO,6.92
1BO,5.25
1BO,6.42
1BO,7.17
1BO,7.25
1BO,3.58
1BO,8.92
1BO,4.58
1BO,6.25
1BO,3
1BO,8.33
1BO,1.17
1BT,5.75
1BT,5
1BT,7.33
1BT,5.67
1BT,5.67
1BT,3.92
1BT,1.08
1BT,9.33
1BT,4.42
1BT,7.25
1BT,7.75
1BT,6.67
1BT,4.58
1BT,3.17
1BT,2.75
1BT,2
1BT,2.17
1BT,5.17
1BT,6.83
1BT,5.08
1BT,1.5
1BT,2
1BT,8.42
1BT,6.42
1BT,6.25
1BT,5.58
1BT,7
1BT,7.08
1BT,4
1BT,5.75
1BT,5.42
1BT,4
1BT,3.17
1BT,1.83
1BT,7
1BT,4.17
1BT,4.25
1BT,7.58
1BT,7.58
1BT,2.83
1BT,0.58
1BT,0.42
1BT,4.83
1BT,3.75
1BT,6.25
1BT,3
1BT,5.58
1BT,2.67
1BT,0.67
1BT,2.92
1BT,2.83
1BT,6.25
1BT,6.75
1BT,1.92
1BT,4
1BT,4.17
1BT,4.5
1BT,6.33
1BY,8.83
1BY,4.25
1BY,6.5
1BY,7.67
1BY,7.58
1BY,6.83
1BY,8.58
1BY,8.25
1BY,9.25
1BY,7.83
1BY,7.42
1BY,8.67
1BY,8
1BY,8.25
1BY,8.33
1BY,6.92
1BY,7
1BY,8.08
1BY,5.17
1BY,7.67
1BY,7.58
1BY,8.42
1BY,8.08
1BY,8
1BY,4.42
1BY,8.08
1BY,7.67
1BY,8.75
1BY,7.42
1BY,9.17
1BY,8.92
1BY,8.17
1BY,3.83
1BY,0.42
1BY,1.25
1BY,8.25
1BY,8.17
1BY,7.33
1BY,3.33
1BY,8.25
1BY,2.25
1BY,9.17
1BY,5.25
1BY,7.83
1BY,8.42
1BY,8.42
1BY,6.08
1BY,7.58
1BY,9
1BY,8.08
1BY,5.25
1BY,9.42
1BY,7.25
1BY,6.75
1BY,7.58
1BY,6.75
1BY,9
1BY,7.67
1BY,5.33
1BY,3.83
1BY,7.92
1BY,8.08
1BY,8.25
1BY,5.58
1BY,9
1BY,7.75
1BY,5.58
1BY,8.5
1BY,6.75
1BY,3.83
1BY,8.83
1BY,8.5
1BY,7.83
1BY,8
1BY,0.83
1BY,9
1BY,9.83
1BY,6.25
1BY,8.67
1BY,8.17
1BY,7.83
1BY,7.83
1BY,7.58
1BY,8.42
1BY,8.58
1BY,6.92
1BY,2.83
1BY,8.33
1BY,9.25
1BY,7.42
1BY,8.42
1BY,2.83
1BY,8.33
1BY,6.5
1BY,8.5
1BY,4.42
1BY,1.83
1BY,5.92
1BY,8.33
1BY,1.92
1BY,7.67
1BY,6.25
1BY,6.83
1BY,8.92
1CC,7.67
1CC,2.75
1CC,7.5
1CC,8.83
1CC,8
1CC,3.67
1CC,5.08
1CC,7.83
1CC,3.25
1CC,5.58
1CC,2.5
1CC,8.42
1CC,6
1CC,2.67
1CC,8.33
1CC,3.67
1CC,5
1CC,6.33
1CC,4.33
1CC,8.5
1CC,7.5
1CC,3
1CC,4.17
1CC,8.75
1CC,3.83
1CC,4.25
1CC,8.67
1CC,7.33
1CC,7.25
1CC,5.92
1CC,6
1CC,6.75
1CC,2.58
1CC,4
1CC,8
1CC,3.75
1CC,7.83
1CD,5.75
1CD,5
1CD,6.25
1CD,6.25
1CD,8.08
1CD,3.17
1CD,3.08
1CD,6.17
1CD,3.42
1CD,7.58
1CD,7.75
1CD,4.67
1CD,7.67
1CD,5.33
1CD,7.67
1CD,8.33
1CD,3.33
1CD,7.75
1CD,8.92
1CD,6.5
1CD,5.83
1CD,1.5
1CD,7.42
1CD,2.75
1CD,4.25
1CD,8.83
1CD,4.08
1CD,5.25
1CD,6.5
1CD,5.75
1CD,6.75
1CD,6
1CD,5.25
1CD,2.92
1CD,0.83
1CD,8.67
1CD,6.42
1CD,8.75
1CD,6.92
1CD,7.08
1CD,6.33
1CD,7.58
1CD,8.83
1CD,6.58
1CD,9.17
1CD,8.75
1CD,6.42
1CD,6.58
1CD,8.83
1CD,2.75
1CD,5
1CD,7.5
1CD,4.42
1CD,1.58
1CD,2.75
1CD,5.75
1CD,3.42
1CD,3.08
1CD,3.33
1CD,8.83
1CD,4.75
1CD,7.67
1CD,1.83
1CD,8.67
1CD,5.42
1CD,9.33
1CD,7.75
1CD,5.75
1CD,8.58
1CD,5.83
1CD,3.08
1CD,6.33
1CD,6
1CD,8.17
1CD,4.75
1CD,6.92
1CD,6
1CD,3.33
1CD,7.25
1CD,4.5
1CD,8.17
1CD,7.75
1CD,7
1CD,7.08
1CD,5.67
1CD,7.92
1CD,5.42
1CD,7.83
1CD,1.5
1CD,7.08
1CD,6.33
1CD,6.83
1CD,6.83
1CD,8.83
1CD,3.42
1CD,3.83
1CD,1.67
1CD,7.67
1CD,6.5
1CD,9.17
1CD,1.67
1CD,8.08
1CD,8
1CD,9.25
1CD,5.42
1CD,3.92
1CD,2.75
1CD,3.67
1CD,7.08
1CD,6.33
1CD,7.42
1CD,3.67
1CD,9.08
1CD,6.25
1CD,6.5
1CD,7.33
1CD,7.5
1CD,3.83
1CD,2.08
1CD,7.83
1CD,8.75
1CD,9
1CD,7.5
1CD,7.42
1CD,3
1CD,8.92
1CD,3.17
1CD,8.17
1CD,6.83
1CD,6.08
1CD,9
1CD,7.83
1CD,9.17
1CD,6.92
1CD,7.33
1CD,4
1CD,4.83
1CD,6.92
1CD,6.83
1CD,9
1CD,4.5
1CD,3.25
1CD,7.83
1CD,7.17
1CD,4.58
1CD,8.17
1CD,6.75
1CD,4.67
1CD,7.83
1CD,6.75
1CD,2.67
1CD,8.83
1CD,8.75
1CD,8.17
1CD,7.83
1CD,7.67
1CD,7.67
1CD,8.67
1CD,1.58
1CD,8.5
1CD,5.92
1CD,6.67
1CD,7.42
1CD,8.08
1CD,7.42
1CD,0.67
1CD,8.25
1CD,4.75
1CD,9.5
1CD,8.83
1CD,7.67
1CD,6.58
1CD,3.42
1CD,8.42
1CD,8.08
1CD,6.33
1CD,7.33
1CD,5.17
1CD,7.42
1CD,7.92
1CE,7.17
1CE,2
1CE,9
1CE,6.75
1CE,2.67
1CE,9.17
1CE,6.92
1CE,5.83
1CE,6.5
1CE,7.83
1CE,5.42
1CE,7.33
1CE,5.92
1CE,3.33
1CE,5.33
1CE,5.92
1CE,7.42
1CE,6.67
1CE,1.83
1CE,7.17
1CE,6.75
1CE,3.67
1CE,2.58
1CE,2.17
1CE,5.83
1CE,6.83
1CE,1.83
1CE,5.58
1CE,4.08
1CE,6.25
1CE,5
1CE,5.92
1CE,6.42
1CE,6.42
1CE,5.25
1CE,1.67
1CE,5.33
1CE,4.42
1CE,6.67
1CE,3
1CE,6.17
1CE,7.17
1CE,8.33
1CE,5.92
1CE,4.75
1CE,3.17
1CE,4.58
1CE,2.92
1CE,6.92
1CE,7.92
1CE,7.33
1CE,2.58
1CE,7.75
1CE,2.83
1CE,8.83
1CE,7.17
1CE,8.25
1CE,3.58
1CE,1.83
1CE,2.5
1CE,4.75
1CE,6.08
1CE,8.33
1CE,3.75
1CE,6.75
1CE,6.33
1CE,6.42
1CE,2.42
1CE,5.5
1CE,3.5
1CE,7
1CE,5.75
1CE,5.75
1CE,6.67
1CE,2.25
1CE,3.67
1CE,1.75
1CE,4.83
1CE,3.25
1CE,4.83
1CE,6.08
1CE,7.08
1CE,5.58
1CE,5.25
1CE,6.17
1CE,8.75
1CE,4.25
1CE,4.42
1CE,5.08
1CE,5.33
1CE,0.92
1CE,1.25
1CE,7.58
1CE,6.08
1CE,5
1CE,7
1CE,4.67
1CE,1.75
1CE,6.08
1CE,6.83
1CE,6.58
1CE,8
1CE,5.67
1CE,7.83
1CE,7.25
1CE,6.83
1CE,0.58
1CE,3.17
1CE,3.92
1CE,8.83
1CE,5.17
1CE,3.58
1CE,4
1CE,6.92
1CG,7.5
1CG,7.33
1CG,5.25
1CG,2.67
1CG,8.25
1CG,6.25
1CG,3.75
1CG,3.75
1CG,7.83
1CG,7.58
1CG,6.33
1CG,4
1CG,6.33
1CG,5.08
1CG,6.17
1CG,5.67
1CG,6.58
1CG,8.92
1CG,5.92
1CG,6.42
1CG,6.33
1CG,6.08
1CG,4.08
1CG,7.25
1CG,7.17
1CG,7.67
1CG,7.67
1CG,3.25
1CG,5.83
1CG,7.17
1CG,7
1CG,4.42
1CG,3.92
1CG,6.33
1CG,7.33
1CG,6.83
1CG,6
1CG,5.17
1CG,6.5
1CG,7.58
1CG,3.67
1CG,8.17
1CG,4.58
1CG,3.75
1CG,6.08
1CG,3.83
1CG,6.17
1CG,7.33
1CG,2.58
1CG,7.67
1CG,8.17
1CG,8.33
1CG,5.83
1CG,5.17
1CG,0.75
1CG,7.67
1CG,5.67
1CG,3.33
1CG,1.25
1CG,8.5
1CG,4.83
1CG,8.83
1CG,6.58
1CG,6.83
1CG,7.75
1CG,6.92
1CG,3.33
1CG,4.67
1CG,4.33
1CG,5.58
1CG,7.33
1CG,8.58
1CG,7.83
1CG,1.42
1CG,6.33
1CG,6
1CG,8.33
1CG,9
1CG,7.17
1CG,8.33
1CG,3.25
1CG,4.83
1CG,3
1CG,6.08
1CG,8.17
1CG,7.58
1CG,4.83
1CG,8.67
1CG,7.42
1CG,5.08
1CG,6.67
1CG,7.67
1CG,4.58
1CG,7.5
1CG,7.83
1CG,7.5
1CG,6.25
1CG,5.5
1CG,5.58
1CG,8.08
1CG,3.08
1CG,5.67
1CG,8.92
1CG,8
1CG,4.17
1CG,4.17
1CG,7.17
1CG,7.83
1CG,5.83
1CG,7.83
1CG,7
1CG,5.92
1CG,4.92
1CG,8.67
1CG,9.17
1CG,5.42
1CG,1.5
1CG,0.92
1CG,5
1CG,6.5
1CG,6.42
1CG,8.08
1CG,8.17
1CG,7.25
1CK,7.17
1CK,6.17
1CK,7.83
1CK,5.58
1CK,6.08
1CK,5.42
1CK,4.58
1CK,6.25
1CK,5.67
1CK,8.83
1CK,6.92
1CK,0.92
1CK,6.33
1CK,2.08
1CK,5.67
1CK,6.33
1CK,8.92
1CK,3.42
1CK,7.5
1CK,8
1CK,3
1CK,5.83
1CK,3.17
1CK,5.25
1CK,1
1CK,8.67
1CK,7.33
1CK,7
1CK,8.5
1CK,6.25
1CK,6.92
1CK,2
1CK,5.25
1CK,3.25
1CK,7.75
1CK,8.92
1CK,8.17
1CK,4.92
1CK,4.17
1CK,1.17
1CK,7.75
1CK,3.25
1CK,2.92
1CK,4.92
1CK,3.5
1CK,3.42
1CK,2.5
1CK,5.5
1CK,6.17
1CK,8.58
1CK,6.17
1CK,2.75
1CK,6.42
1CK,8
1CK,4.67
1CK,3.17
1CK,6
1CK,6.75
1CK,6.17
1CK,5.25
1CK,4.42
1CK,2.17
1CK,6.42
1CK,2.75
1CK,2.83
1CK,0.92
1CK,7.33
1CK,6.75
1CK,3.58
1CK,4.25
1CK,7.08
1CK,4.58
1CK,4.58
1CK,5.67
1CK,6.92
1CK,4.92
1CK,4
1CK,5.17
1CK,4
1CK,5.83
1CK,6.25
1CK,6
1CK,2.67
1CK,4.83
1CK,5.33
1CK,9
1CK,4.92
1CK,7.83
1CK,4.08
1CK,4.75
1CK,4.42
1CK,0.92
1CK,0.83
1CK,6.83
1CK,4.92
1CK,5.42
1CK,4.08
1CK,0.75
1CK,5.92
1CK,8
1CK,5.33
1CK,3.83
1CK,4.17
1CK,2.17
1CK,4.92
1CK,3.67
1CK,4.08
1CK,6.17
1CK,6.17
1CK,7
1CK,8.92
1CK,7.08
1CK,4.42
1CK,6.42
1CR,8.33
1CR,9
1CR,2.58
1CR,8.33
1CR,7.25
1CR,4.83
1CR,6
1CR,7.08
1CR,7.33
1CR,7.42
1CR,9.33
1CR,8.83
1CR,7.92
1CR,4.42
1CR,6.67
1CR,8
1CR,8.25
1CR,7.58
1CR,8.17
1CR,9.83
1CR,7.67
1CR,9.17
1CR,5.83
1CR,7.92
1CR,7.92
1CR,4.42
1CR,6.67
1CR,8.33
1CR,9.08
1CR,9.17
1CR,8.25
1CR,9.17
1CR,9.17
1CR,8.33
1CR,9.08
1CR,5.67
1CR,8.42
1CR,4.92
1CR,7.83
1CR,8.83
1CR,7.75
1CR,7.75
1CR,7.17
1CR,7.25
1CR,6.42
1CR,7.17
1CR,7.67
1CR,5.67
1CR,6.67
1CR,6.92
1CR,9.33
1CR,7.33
1CR,6
1CR,8.42
1CR,7.75
1CR,7.33
1CR,9.17
1CR,6.5
1CR,8.92
1CR,8.58
1CR,8.5
1CR,8.33
1CR,8.75
1CR,8.75
1CR,9.25
1CR,8.25
1CR,8.42
1CR,8.92
1CR,7.75
1CR,4
1CR,7.67
1CR,9.17
1CR,8.5
1CR,7.83
1CR,6.33
1CR,9
1CR,4.33
1CR,7.5
1CR,8.58
1CR,9.67
1CR,8.25
1CR,6.58
1CR,5.17
1CR,3.08
1CR,5.17
1CR,9.5
1CR,6.5
1CR,9
1CR,9
1CR,4.33
1CR,8.67
1CR,5.17
1CR,8.67
1CR,8.08
1CR,7.75
1CR,5.58
1CR,8.17
1CR,9.33
1CR,8.58
1CR,8.83
1CR,7
1CR,8.67
1CR,9.17
1CR,7.58
1CR,8
1CR,5.58
1CR,9.83
1CR,4.75
1CR,8.08
1CR,6.75
1CR,8.83
1CR,7.83
1CR,5.5
1CR,6.33
1CR,8.67
1CR,7.42
1CR,7.42
1CR,6.5
1CR,9
1CR,7
1CR,6.5
1CR,9
1CR,9.08
1CR,8.67
1CR,8.5
1CR,7.83
1CR,8.33
1CR,4.42
1CR,8.67
1CR,9.08
1CR,8.17
1CR,7.33
1CR,8.67
1CR,8.33
1CR,8.25
1CR,8.42
1CR,6.92
1CR,9.17
1CR,6.75
1CR,6.75
1CR,9.5
1CR,8.58
1CR,2.08
1CR,8.83
1CR,7.25
1CR,9.08
1CR,2.5
1CR,5.25
1CR,8
1CR,8.42
1CR,9.33
1CR,7.67
1CR,8.5
1CR,8.25
1CR,6.5
1CR,8.5
1CR,7.58
1CR,2.17
1CR,8.17
1CR,9.33
1CR,8.83
1CR,8.33
1CR,9.33
1CR,8.33
1CR,7.5
1CR,7.75
1CR,6.83
1CR,4.17
1CR,8
1CR,6.83
1CR,8.75
1CR,8.25
1CR,9
1CR,8.33
1CR,8
1CR,2.67
1CR,7.33
1CR,6.58
1CR,3.25
1DB,2
1DB,1.33
1DB,4.17
1DB,7.25
1DB,4.83
1DB,3.83
1DB,7.58
1DB,8
1DB,6.5
1DB,5.33
1DB,7.75
1DB,8.33
1DB,1.83
1DB,2.58
1DB,2.42
1DB,4.25
1DB,2.33
1DB,7.58
1DB,4.5
1DB,4.08
1DB,3
1DB,3.08
1DB,5.33
1DB,7.75
1DB,8.08
1DB,1.08
1DB,3.58
1DB,3.75
1DB,7.42
1DB,7.33
1DB,6.83
1DB,8
1DB,4.67
1DB,7.75
1DB,8.75
1DB,6.42
1DB,6.92
1DB,3.67
1DB,6.33
1DB,1.33
1DB,6.5
1DB,7.5
1DB,7.42
1DB,7.08
1DB,6.83
1DB,7.17
1DB,6.08
1DB,6.25
1DB,7.17
1DB,7
1DB,1
1DB,7.08
1DB,8.5
1DB,6.92
1DB,5.5
1DB,6.5
1DB,5.92
1DB,9.42
1DB,4.92
1DB,2.58
1DB,7.42
1DB,8.08
1DB,4.33
1DB,7.25
1DB,6.33
1DB,5
1DB,5.75
1DB,1.25
1DB,6.75
1DB,5.83
1DB,7.42
1DB,1
1DB,7.33
1DB,4.5
1DB,5.25
1DB,3.5
1DB,5.92
1DB,7.08
1DB,6.67
1DB,6.83
1DB,7.42
1DB,1.92
1DB,6.33
1DB,8.5
1DB,7.83
1DB,3.33
1DB,7.42
1DB,5.08
1DB,1.83
1DB,3.5
1DB,6.67
1DB,8.17
1DB,7.75
1DB,2.67
1DB,6.42
1DB,5.75
1DB,3.83
1DB,6
1DB,2.42
1DB,4.83
1DB,6.33
1DB,7.17
1DB,1.92
1DB,8.17
1DB,7.83
1DB,7.92
1DB,6.08
1DB,7
1DB,6.08
1DB,4.08
1DB,5.42
1DB,3.08
1DB,1.25
1DB,6.58
1DB,7.5
1DB,6.83
1DB,7.17
1DB,6.75
1DB,6.42
1DB,2.75
1DB,7.75
1DB,5.67
1DB,4.33
1DB,7.08
1DB,6.58
1DB,8.67
1DB,7.83
1DB,2.42
1DB,4.08
1DB,8.08
1DB,8
1DB,6.58
1DB,7.5
1DB,8
1DB,8.92
1DB,6.67
1DB,7.75
1DB,7.83
1DB,7
1DB,4.58
1DB,6.42
1DB,7.67
1DB,6.17
1DB,4.42
1DB,7.08
1DB,7.33
1DB,8.25
1DB,5.92
1DB,7
1DB,3
1DB,5.42
1DB,7.67
1DB,7.58
1DB,7.5
1DB,6.83
1DB,7.17
1DB,7.17
1DB,7.08
1DB,6.83
1DB,6.5
1DB,7.92
1DB,8.83
1DB,3.58
1DB,7.67
1DB,5.42
1DB,6.83
1DB,4.83
1DB,1.33
1DB,4.42
1DB,7
1DB,8.92
1DT,6.75
1DT,7.33
1DT,8.42
1DT,8.25
1DT,8.17
1DT,8.25
1DT,6.75
1DT,9.25
1DT,8.25
1DT,8
1DT,7.42
1DT,7.92
1DT,7.08
1DT,0.75
1DT,7.58
1DT,7.42
1DT,7.25
1DT,8.25
1DT,3
1DT,8.25
1DT,8.92
1DT,7.75
1DT,7.83
1DT,2.67
1DT,7.83
1DT,6.25
1DT,4.92
1DT,5.58
1DT,2.92
1DT,6.33
1DT,9
1DT,8.25
1DT,2.17
1DT,5.17
1DT,8.08
1DT,7.17
1DT,7.25
1DT,7.17
1DT,8.5
1DT,8.08
1DT,7
1DT,8.58
1DT,7.17
1DT,8.58
1DT,8
1DT,7.5
1DT,7.25
1DT,3.25
1DT,5.58
1DT,8.83
1DT,7.83
1DT,8.83
1DT,7.5
1DT,8.33
1DT,5.83
1DT,6
1DT,8.5
1DT,4.42
1DT,1
1DT,8
1DT,3.08
1DT,7.92
1DT,6.08
1DT,8.83
1DT,4
1DT,2.25
1DT,1
1DT,7.67
1DT,8.75
1DT,5.08
1DT,5.33
1DT,8.33
1DT,6.83
1DT,8.5
1DT,9.58
1DT,8.75
1DT,8
1DT,9.25
1DT,9.5
1DT,5.5
1DT,8.08
1DT,8.92
1DT,4
1DT,4.42
1DT,6.25
1DT,8.5
1DT,8.25
1DT,7.5
1DT,8.08
1DT,5.17
1DT,8
1DT,6.33
1DT,2.25
1DT,9.17
1DT,8.58
1DT,7.25
1DT,5.67
1DT,6.33
1DT,6.92
1DT,6.08
1DT,7.25
1DT,5.75
1DT,7.42
1DT,8.5
1DT,6.33
1DT,8.67
1DT,7
1DT,5.25
1DT,9.33
1DT,8.33
1DT,1.25
1DT,5.42
1DT,7.42
1DT,7.42
1DT,7.67
1DT,2.5
1DT,9.17
1DT,5.08
1DT,8.83
1DT,8.42
1EP,6.58
1EP,8.08
1EP,8.75
1EP,7.25
1EP,6.17
1EP,5.5
1EP,3.17
1EP,6.33
1EP,6.92
1EP,7.92
1EP,7.33
1EP,5
1EP,6.75
1EP,4.08
1EP,0.5
1EP,7.83
1EP,7.25
1EP,4.42
1EP,3.25
1EP,1.25
1EP,3.5
1EP,6.17
1EP,6.83
1EP,6.67
1EP,6.42
1EP,2.25
1EP,3
1EP,9
1EP,6.67
1EP,8.08
1EP,3.67
1EP,8.17
1EP,6.08
1EP,8
1EP,8
1EP,2.58
1EP,5.17
1EP,7.42
1EP,8.67
1EP,5.25
1EP,6.83
1EP,6.83
1EP,8.83
1EP,7.83
1EP,7
1EP,7.92
1EP,5.92
1EP,7
1EP,7.42
1EP,6.83
1EP,7.25
1EP,7.83
1EP,4.67
1EP,9.17
1EP,8.67
1EP,3.58
1EP,8.83
1EP,6.67
1EP,7.42
1EP,6.42
1EP,2.75
1EP,1.5
1EP,6.83
1EP,8.17
1EP,6.83
1EP,4
1EP,6.5
1EP,7.83
1EP,6.08
1EP,5.25
1EP,9
1EP,5.42
1EP,4.92
1EP,1.33
1EP,8.08
1EP,5.42
1EP,9.25
1EP,7.83
1EP,7.33
1EP,7.58
1EP,7.75
1EP,4.08
1EP,4.58
1EP,8.33
1EP,5.83
1EP,4.25
1EP,1.08
1EP,5.33
1EP,7.25
1EP,9.58
1EP,5.08
1EP,5.5
1EP,7
1EP,7.42
1EP,9
1EP,7.92
1EP,7
1EP,9
1EP,4.58
1EP,2.92
1EP,8.67
1EP,3.67
1EP,1.42
1EP,7.17
1EP,7.5
1EP,8
1EP,6.75
1EP,4.17
1EW,6.08
1EW,1.92
1EW,2
1EW,6.25
1EW,4.08
1EW,4.58
1EW,5.5
1EW,5
1EW,7.83
1EW,8
1EW,6.83
1EW,6.25
1EW,6.08
1EW,2.42
1EW,3.17
1EW,8.67
1EW,7.17
1EW,8.42
1EW,6
1EW,2.08
1EW,3.58
1EW,4.17
1EW,8.17
1EW,7.83
1EW,4.83
1EW,1.92
1EW,6.5
1EW,7.17
1EW,4
1EW,8.42
1EW,6
1EW,6.25
1EW,2.25
1EW,7.58
1EW,7.5
1EW,6.08
1EW,7.33
1EW,5.5
1EW,7.25
1EW,8.75
1EW,4.5
1EW,6.58
1EW,1.83
1EW,6.17
1EW,4.58
1EW,4.5
1EW,8.42
1EW,8.17
1EW,2.92
1EW,7.58
1EW,7.58
1EW,3.58
1EW,7
1EW,8
1EW,8.58
1EW,7.58
1EW,8
1EW,6.08
1EW,5.08
1EW,0.83
1EW,8.42
1EW,5.58
1EW,1
1EW,8.33
1EW,6.83
1EW,1.25
1EW,0.5
1EW,6.33
1EW,7.33
1EW,2.42
1EW,7.25
1EW,7.92
1EW,8.75
1EW,4.83
1EW,5.5
1EW,7.58
1EW,4.42
1EW,1.5
1EW,7.17
1EW,6.92
1EW,4.67
1EW,6.92
1EW,3.92
1EW,8.75
1EW,7.08
1EW,7.67
1EW,9.08
1EW,3.92
1EW,1.17
1EW,7.08
1EW,3.83
1EW,8.17
1EW,5.17
1EW,6.08
1EW,4.83
1EW,7.58
1EW,8.33
1EW,6.5
1EW,3.5
1EW,8.58
1EW,2.5
1EW,5.17
1EW,6.67
1EW,7.17
1EW,9.33
1EW,7.17
1EW,9.33
1EW,4
1EW,5.83
1EW,7.42
1EW,4.33
1EW,7.25
1EW,6.75
1EW,6.58
1EW,6.58
1EW,7.58
1EW,8.08
1EW,4.67
1EW,8.92
1EW,7.25
1EW,0.5
1EW,5.67
1EW,6.17
1EW,4.25
1EW,8.92
1EW,6.33
1EW,6.17
1EW,7.83
1EW,3.75
1EW,4.42
1EW,0.67
1EW,8.25
1EW,8.75
1EW,5
1EW,8.83
1EW,5.92
1EW,4
1EW,9.08
1EW,8.5
1EW,8
1EW,7
1EW,3.25
1EW,7.17
1EW,0.58
1EW,9
1EW,8.17
1EW,7.08
1EW,2.67
1EW,7.17
1EW,8.17
1EW,3.17
1EW,5.67
1EW,8.33
1EW,8.25
1EW,5.42
1EW,8.42
1EW,8.83
1EW,3.42
1EW,8.33
1EW,7.83
1EW,6
1EW,6.5
1EW,8
1EW,8.83
1EW,7.92
1EW,4
1EW,9.33
1EW,5.5
1EW,1.58
1EW,4.5
1GA,7.83
1GA,7.67
1GA,8.83
1GA,3.75
1GA,8.25
1GA,8
1GA,7
1GA,4.08
1GA,6.33
1GA,5.33
1GA,8.42
1GA,4.08
1GA,6.83
1GA,9
1GA,4.42
1GA,7.75
1GA,4.75
1GA,8.67
1GA,9
1GA,9.83
1GA,8
1GA,7.67
1GA,8.42
1GA,6.5
1GA,8.5
1GA,9.17
1GA,8
1GA,7.83
1GA,8.58
1GA,6.58
1GA,9
1GA,6.58
1GA,6.33
1GA,1.33
1GA,7.92
1GA,8.17
1GA,9.17
1GA,9.08
1GA,7.92
1GA,7.17
1GA,6.75
1GA,4.25
1GA,7.25
1GA,7.67
1GA,8.67
1GA,3.75
1GA,7.75
1GA,5.5
1GA,5.83
1GA,4.75
1GA,8.25
1GA,8.33
1GA,7.92
1GA,2.42
1GA,5.83
1GA,8.33
1GA,9.5
1GA,5.67
1GA,6.83
1GA,8.67
1GA,7.5
1GA,2.42
1GA,6.33
1GA,8.83
1GA,7.75
1GA,5.5
1GA,7.5
1GA,8.67
1GA,7.42
1GA,8.25
1GA,5.75
1GA,4.33
1GA,7.08
1GA,4.67
1GA,5.17
1GA,7.58
1GA,3.92
1GA,7.08
1GA,3.58
1GA,7.42
1GA,6.33
1GA,7.33
1GA,8.75
1GA,7.5
1GA,9.17
1GA,8.67
1GA,8.42
1GA,8.5
1GA,1.25
1GA,6.33
1GA,8.25
1GA,7.83
1GA,4.5
1GA,6.08
1GA,8.17
1GA,6.08
1GA,7.83
1GA,7.58
1GA,7.08
1GA,7.08
1GA,3.08
1GA,8.17
1GA,9.17
1GA,6.25
1GA,1.58
1GA,7.92
1GA,8.5
1GA,7.92
1GA,7.5
1GA,8.83
1GA,7.92
1GA,6.42
1GA,8.33
1GA,5.33
1GA,8.92
1GA,9.25
1GA,7.33
1GA,9
1GA,8.67
1GA,7.83
1GA,5.08
1GA,5.08
1GA,6.5
1GA,7.5
1GA,8.67
1GA,3.67
1GA,7.67
1GA,8
1GA,5.25
1GA,2
1GA,8.5
1GA,7.5
1GA,5.75
1GA,8.5
1GA,8.83
1GA,8.25
1GA,5.33
1GA,5.17
1GA,5.58
1GA,6.58
1GA,6.83
1GA,7.17
1GA,3
1GA,8
1GA,3.58
1GA,8.25
1GA,6.83
1GA,3.33
1GA,9.08
1GA,6.42
1GA,9
1GA,7.5
1GA,5.75
1GA,7.25
1GA,8.75
1GA,5.33
1GA,7.5
1GA,8.67
1GA,7.5
1GA,6.75
1GA,6
1GA,8.33
1GA,8.67
1GA,8.33
1GA,3.33
1GA,6.17
1GA,4.67
1GA,8.33
1GA,7.83
1GA,9.67
1GA,4.75
1GA,8.17
1GA,7.67
1GA,6.33
1GA,7.67
1GA,3.42
1GA,8.83
1GA,8
1GA,7.25
1GA,8.42
1GA,9.17
1GA,7.67
1GC,6.25
1GC,7.08
1GC,8.5
1GC,6.58
1GC,6.33
1GC,9
1GC,7.58
1GC,4.5
1GC,5.25
1GC,8.75
1GC,7.33
1GC,8.67
1GC,8
1GC,2.42
1GC,9.83
1GC,0.83
1GC,3.5
1GC,4.33
1GC,7.75
1GC,7.83
1GC,6.33
1GC,7.5
1GC,2.5
1GC,7.67
1GC,7.42
1GC,2.75
1GC,8.33
1GC,4.83
1GC,2.25
1GC,4.58
1GC,6.5
1GC,7.42
1GC,6.42
1GC,4.5
1GC,7.08
1GC,6.75
1GC,5.75
1GC,1.83
1GC,3.5
1GC,7.67
1GC,1.08
1GC,2.08
1GC,7
1GC,7.33
1GC,3.25
1GC,7.33
1GC,7.33
1GC,2.58
1GC,8
1GC,7.33
1GC,7.25
1GC,5.67
1GC,4.42
1GC,7.33
1GC,7.58
1GC,8.08
1GC,1.25
1GC,6.75
1GC,3.25
1GC,6.83
1GC,6
1GC,5.08
1GC,7.42
1GC,1.67
1GC,6
1GC,6.75
1GD,6.67
1GD,4.33
1GD,4.08
1GD,7.17
1GD,7.17
1GD,7.83
1GD,7.67
1GD,7.17
1GD,2.67
1GD,8.75
1GD,4.75
1GD,7
1GD,3.92
1GD,5.58
1GD,5.58
1GD,5.58
1GD,6.25
1GD,4.42
1GD,3.75
1GD,4.92
1GD,5.33
1GD,6.75
1GD,3.5
1GD,7.58
1GD,6.92
1GD,6.83
1GD,8.75
1GD,5.92
1GD,7
1GD,2.33
1GD,8.92
1GD,7.25
1GD,5.67
1GD,3.67
1GD,6.25
1GD,7.58
1GD,2.08
1GD,6.17
1GD,8
1GD,5.58
1GD,6.08
1GD,3.17
1GD,8
1GD,6.75
1GD,7.5
1GD,5.58
1GD,6.25
1GD,3.67
1GD,6.75
1GD,2.75
1GD,3.17
1GG,5.5
1GG,5
1GG,3.67
1GG,4.42
1GG,5.5
1GG,1.17
1GG,5.75
1GG,1.08
1GG,2.92
1GG,4.5
1GG,7
1GG,7.83
1GG,7.33
1GG,6.33
1GG,3.83
1GG,6.67
1GG,5.5
1GG,6.75
1GG,2.83
1GG,7
1GG,5.67
1GG,4.92
1GG,7.83
1GG,6.25
1GG,6.17
1GG,3.67
1GG,5.5
1GG,7.25
1GG,1.25
1GG,5.33
1GG,4.75
1GG,3.58
1GG,2.17
1GG,6
1GG,1.92
1GG,5.58
1GG,8.17
1GG,6.5
1GG,4.42
1GG,3.92
1GG,6
1GG,1.75
1GG,2.58
1GG,6
1GG,6.83
1GG,2
1GV,6.75
1GV,5.25
1GV,5.83
1GV,2.33
1GV,2.92
1GV,6.83
1GV,6.33
1GV,7
1GV,6.25
1GV,3
1GV,6.17
1GV,2.92
1GV,7.08
1GV,9.33
1GV,5.17
1GV,2.42
1GV,3.17
1GV,6.17
1GV,5.42
1GV,4.25
1GV,7
1GV,4.92
1GV,7.67
1GV,1.75
1GV,6.58
1GV,6.67
1GV,6.75
1GV,2.75
1GV,5.83
1GV,6.17
1GV,1.67
1GV,2.75
1GV,7.58
1GV,4.75
1GV,2.25
1GV,3.5
1GV,7.33
1GV,3
1GV,8.33
1GV,7.25
1GV,3
1GV,6.67
1GV,2.25
1GV,5.42
1GV,5.92
1GV,4.75
1GV,7.67
1GV,0.33
1GV,7.58
1GV,5.17
1GV,1.75
1GV,6.92
1GV,6.33
1GV,2.33
1GV,1.58
1GV,5.75
1GV,9.17
1GV,3
1GV,9.83
1GV,7.83
1GV,8.17
1GV,7.75
1GV,3
1GV,7.92
1GV,5.92
1GV,3.42
1GV,6.83
1GV,2.75
1GV,9.67
1GV,3.67
1GV,6.25
1GV,3.5
1GV,2.42
1GV,2.75
1GV,2.17
1GV,5.08
1HK,4.58
1HK,2.75
1HK,8.83
1HK,1.92
1HK,2.33
1HK,5.25
1HK,7.17
1HK,7.83
1HK,5.25
1HK,5.08
1HK,3.33
1HK,7.08
1HK,5.25
1HK,2.33
1HK,6.17
1HK,1.17
1HK,7.08
1HK,1.75
1HK,8
1HK,1.92
1HK,7.25
1HK,4.58
1HK,8.42
1HK,6.58
1HK,6.08
1HK,8.83
1HK,7.17
1HK,8.67
1HK,4.83
1HK,2.75
1HK,1
1HK,7.83
1HK,7.67
1HK,7.5
1HK,2.58
1HK,8.5
1HK,8.83
1HK,6.92
1HK,6.92
1HK,5.42
1HK,4.75
1HK,8
1HK,5.67
1HK,3.08
1HK,8.25
1HK,6.5
1HK,4.67
1HK,8.17
1HK,6.67
1HK,7.58
1HK,7.83
1HK,5.17
1HK,3.08
1HK,7.17
1HK,8.92
1HK,6.75
1HK,6.83
1HK,5.5
1HK,5.17
1HK,7.5
1HK,6.25
1HK,3.58
1HK,8
1HK,8.25
1HK,8.67
1HK,8.83
1HK,8
1HK,1.17
1HK,1.5
1HK,5
1HK,3.83
1HK,3.75
1HK,6.42
1HK,2.33
1HK,8.67
1HK,5.5
1HK,4.92
1HK,8.17
1HK,0.58
1HK,0.67
1HK,2.92
1HK,6.25
1HK,2.75
1HK,2.58
1HK,4.83
1HK,7
1HK,4.25
1HK,6.92
1HK,2.75
1HK,4.67
1HK,0.58
1HK,8
1HK,4.33
1HK,6.83
1HK,8.67
1HK,9.67
1HK,7.67
1HK,4.83
1HK,9
1HK,6.08
1HK,3.75
1HK,3.67
1HK,6
1HK,6.5
1HK,0.83
1HK,7.83
1HK,6.58
1HK,3.92
1HK,6.67
1HK,2.17
1HK,4.83
1HK,7
1HK,1.83
1HK,5.33
1HK,6.67
1HK,2.33
1HK,4.25
1HK,2.58
1HK,8.17
1HK,7.75
1HK,1.33
1HK,1.25
1HK,7.67
1HK,7.67
1HK,8.33
1HK,2.67
1HK,4.42
1HK,7.5
1HK,6.42
1HK,8
1HK,6.42
1HK,8
1HK,8.83
1HK,5.5
1HK,8.5
1HK,5.92
1HK,7.67
1HK,8.25
1HK,7.67
1HK,2
1HK,6.33
1HK,5.67
1HK,6.92
1HK,7.75
1HK,6.92
1HK,5.33
1HK,7.5
1HK,5.17
1HK,7.75
1HK,1.42
1HK,7.42
1HK,7.67
1HK,5
1HK,7.5
1HK,8.33
1HK,8.5
1HK,4.42
1HK,5.83
1HK,5.17
1HK,8
1HK,6.83
1HK,8.83
1HK,7
1HK,7.33
1HK,8.17
1HK,8.67
1HK,6.58
1HK,5.75
1HK,8.17
1HK,5.25
1HK,4.58
1HM,2.67
1HM,5.42
1HM,5.42
1HM,5.5
1HM,2.25
1HM,3
1HM,5.58
1HM,3.92
1HM,2.5
1HM,2.33
1HM,6.75
1HM,6.17
1HM,1
1HM,8.08
1HM,8.58
1HM,5.58
1HM,5.58
1HM,7.67
1HM,7.92
1HM,4.67
1HM,1.25
1HM,3.5
1HM,6.42
1HM,6.25
1HM,2.33
1HM,5
1HM,4.17
1HM,8.25
1HM,6.83
1HM,5.17
1HM,7.92
1HM,8.42
1HM,2.75
1HM,3.08
1HM,3.58
1HM,3.92
1HM,3.83
1HM,5.67
1HM,4.83
1HM,6.83
1HS,2.83
1HS,6.92
1HS,4.75
1HS,7.75
1HS,4.92
1HS,7.5
1HS,0.67
1HS,3.58
1HS,7.5
1IC,6.58
1IC,6.5
1IC,4.67
1IC,8
1IC,1.92
1IC,2.5
1IC,7.08
1IC,3.58
1IC,5.25
1IC,5.58
1IC,4.92
1IC,2.67
1IC,2.75
1IC,5.17
1IC,3.25
1IC,7.42
1IC,7.42
1IC,6.33
1IC,3
1IC,2.5
1IC,2.75
1IC,5.67
1IC,5.17
1IC,0.42
1IC,6.25
1IC,2.58
1IC,3.33
1IC,6.58
1IC,0.83
1IC,6.33
1IC,6.75
1IC,1.92
1IC,2.92
1IC,7
1IC,2.33
1IC,3.92
1IC,2
1IC,6.58
1IC,2.5
1IC,4.33
1IC,4.83
1IC,3.08
1II,2.08
1II,8.83
1II,6.75
1II,4.25
1II,5.58
1II,5.25
1II,1.67
1II,2.08
1II,1.5
1II,3.42
1II,5.58
1II,7.33
1II,5
1II,5.17
1II,3.25
1II,3
1II,4.25
1II,6.08
1II,5.08
1JB,9.08
1JB,8.17
1JB,9.17
1JB,8.33
1JB,8.83
1JB,7.08
1JB,7.42
1JB,2.83
1JB,7.92
1JB,7.92
1JB,6.08
1JB,6.67
1JB,8.58
1JB,9.17
1JB,7.17
1JB,6.5
1JB,8.5
1JB,3.08
1JB,7.17
1JB,9
1JB,8.67
1JB,9.5
1JB,8.33
1JB,6.67
1JB,7.17
1JB,4.33
1JB,8.58
1JB,7.17
1JB,9
1JB,8.83
1JB,7.17
1JB,8.08
1JB,5.25
1JB,7.67
1JB,8.67
1JB,2.83
1JB,8.75
1JB,8.42
1JB,8.83
1JB,7.75
1JB,5.33
1JB,6.67
1JB,8.17
1JB,9.17
1JB,8.17
1JB,5.83
1JB,8.33
1JB,8.83
1JB,6.83
1JB,6
1JB,8.5
1JB,9.33
1JB,7.33
1JB,1.17
1JB,8.33
1JB,7.25
1JB,9.17
1JB,7.17
1JB,8.92
1JB,8.83
1JB,8.17
1JB,9.17
1JB,2.17
1JB,5.33
1JB,6.17
1JB,8
1JB,7.25
1JB,7.83
1JB,6.75
1JB,8.67
1JB,9
1JB,8.5
1JB,7.08
1JB,8.42
1JB,8.83
1JB,8.33
1JB,7.58
1JB,2.67
1JB,7.25
1JB,7
1JB,9.33
1JB,4.08
1JB,8.58
1JB,9.17
1JB,7.92
1JB,7.67
1JB,5.58
1JB,9.17
1JB,9.83
1JB,8.67
1JB,7.42
1JB,8.58
1JB,7.17
1JB,5.67
1JB,8.58
1JB,7.58
1JB,7.08
1JB,4
1JB,7.08
1JB,8.92
1JB,8.83
1JB,6.58
1JB,8.5
1JB,9.17
1JB,7.25
1JB,8.17
1JB,7.67
1JB,8.25
1JB,8.92
1JB,5.25
1JB,6.25
1JB,8.5
1JB,8
1JB,5.25
1JB,7.92
1JB,5.5
1JB,8
1JB,7
1JB,6.67
1JB,6.67
1JB,8.25
1JB,8.25
1JB,7.42
1JB,7.08
1JB,9
1JB,6.33
1JB,8
1JB,8.75
1JB,7.42
1JB,7.17
1JB,9.33
1JB,8.08
1JB,6.42
1JB,8.58
1JB,5.5
1JB,8.25
1JB,8.58
1JB,1.17
1JB,8.17
1JB,6.17
1JB,6.75
1JB,9.17
1JB,9
1JB,5.5
1JB,8.83
1JB,4.83
1JB,8.08
1JB,5.92
1JB,9.5
1JB,7
1JB,7.5
1JB,9
1JB,8.83
1JB,8.5
1JB,9
1JB,8.67
1JB,8.33
1JB,6.17
1JB,9
1JB,7.75
1JB,8.58
1JB,8
1JB,9.67
1JB,8.08
1JB,8.42
1JB,8.17
1JB,7.25
1JB,8.33
1JB,6.5
1JB,6.5
1JB,8.17
1JB,7.5
1JB,8.58
1JB,8.67
1JB,6
1JB,9.17
1JB,9.33
1JB,7.33
1JB,9
1JS,6.08
1JS,6.5
1JS,6.17
1JS,7.83
1JS,8.58
1JS,3
1JS,9
1JS,6.08
1JS,5.17
1JS,7.67
1JS,7.75
1JS,8.83
1JS,9.42
1JS,6.92
1JS,5.58
1JS,7.83
1JS,8.83
1JS,6.92
1JS,8.83
1JS,6.5
1JS,8.58
1JS,8.5
1JS,7.67
1JS,8.17
1JS,5.67
1JS,7.42
1JS,7.08
1JS,7
1JS,8.33
1JS,9
1JS,9.33
1JS,7
1JS,9.67
1JS,6.75
1JS,7
1JS,5.08
1JS,7.58
1JS,8.33
1JS,9
1JS,7.33
1JS,6.67
1JS,8.17
1JS,7.83
1JS,8.42
1JS,5.75
1JS,8.67
1JS,9.42
1JS,8.67
1JS,9
1JS,8.08
1JS,4.92
1JS,6.58
1JS,7.58
1JS,4.58
1JS,8.67
1JS,8.08
1JS,8.67
1JS,6.75
1JS,8.92
1JS,8
1JS,5.67
1JS,5.92
1JS,8
1JS,9.25
1JS,8
1JS,5.17
1JS,7.25
1JS,1.92
1JS,6.58
1JS,4.67
1JS,6.5
1JS,8.42
1JS,8
1JS,8
1JS,8.33
1JS,3.67
1JS,8.17
1JS,6.25
1JS,6.67
1JS,5.67
1JS,8.58
1JS,5
1JS,9
1JS,5.75
1JS,8.25
1JS,8.33
1JS,7.08
1JS,8.17
1JS,7.67
1JS,6.92
1JS,9
1JS,6.42
1JS,7.25
1JS,9
1JS,4.58
1JS,0.67
1JS,8.42
1JS,8.5
1JS,8.33
1JS,3.08
1JS,8.75
1JS,9.67
1JS,7.58
1JS,8.67
1JS,6.75
1JS,8.83
1JS,7.83
1JS,6
1JS,5
1JS,8.92
1JS,8.92
1JS,7.5
1JS,7.25
1JS,6.42
1JS,7.42
1JS,8.08
1JS,6.25
1JS,7.25
1JS,8.75
1JS,8.75
1JT,7
1JT,7.92
1JT,6.33
1JT,5.92
1JT,6.42
1JT,7.75
1JT,8
1JT,4.42
1JT,8.83
1JT,7.33
1JT,5.92
1JT,6.67
1JT,4.33
1JT,5.83
1JT,6.5
1JT,3.25
1JT,5.75
1JT,5.5
1JT,5.58
1JT,6.5
1JT,8.5
1JT,8.17
1JT,6.33
1JT,7.67
1JT,8.67
1JT,8.17
1JT,8.17
1JT,9
1JT,3.83
1JT,3.83
1JT,1.08
1JT,8.58
1JT,7.67
1JT,8.17
1JT,6.42
1JT,8.33
1JT,4.33
1JT,8.08
1JT,7.25
1JT,6.08
1JT,7.83
1JT,7.33
1JT,8.33
1JT,8.67
1JT,4.33
1JT,5.83
1JT,7.25
1JT,4.58
1JT,8.25
1JT,6.67
1JT,4.25
1JT,6
1JT,7.83
1JT,4.5
1JT,4.83
1JT,8.67
1JT,8.17
1JT,4.58
1JT,5.75
1JT,3.75
1JT,4.5
1JT,5.33
1JV,6.5
1JV,3.92
1JV,7.92
1JV,1.83
1JV,7.17
1JV,6.83
1JV,7.08
1JV,3.83
1JV,8.17
1JV,5.25
1JV,8
1JV,5.58
1JV,6.33
1JV,1.83
1JV,7.25
1JV,7.33
1JV,4.75
1JV,5.83
1JV,2.75
1JV,3.25
1JV,6.58
1JV,2.17
1JV,4.75
1JV,7.17
1JV,1.5
1JV,2.67
1JV,4.83
1JV,3.33
1JV,2.33
1JV,7.75
1JV,3.58
1JV,7.08
1JV,5.42
1JV,5.08
1JV,6.25
1JV,8.5
1JV,5.33
1JV,7.83
1KI,7.25
1KI,7.33
1KI,6.5
1KI,5.33
1KI,5.33
1KI,3.08
1KI,6.58
1KI,7.08
1KI,5.08
1KI,3.25
1KI,7.08
1KI,6.75
1KI,7.08
1KI,6.33
1KI,5.08
1KI,6.25
1KI,3.5
1KI,8.25
1KI,4.17
1KI,2
1KI,3.17
1KI,6.83
1KI,7.83
1KI,5.67
1KI,7.75
1KI,4.17
1KI,6.17
1KI,3
1KI,5.75
1KI,6.5
1KI,7.08
1KI,5.17
1KI,6.58
1KI,2
1KI,7.17
1KI,6.83
1KI,8.58
1KI,7.17
1KI,6.75
1KI,5.5
1KI,8.25
1KI,4.42
1KI,8.42
1KI,4.17
1KI,6.75
1KI,7.75
1KI,5.25
1KI,5.08
1KI,3.83
1KI,5.75
1KI,7.25
1KI,2.33
1KI,5.67
1KI,5.58
1KI,5.75
1KI,6.42
1KI,5.75
1KI,5.92
1KI,6.5
1KI,6.67
1KI,4.5
1KI,4.83
1KI,5.17
1KI,7.17
1KI,7.42
1KI,5.83
1KI,7.5
1KI,6.25
1KI,6.83
1KI,7.92
1KI,8.67
1KI,6.17
1KI,7.42
1KI,3.92
1KI,4.67
1KI,4.5
1KI,8.42
1KI,5.92
1KI,3.5
1KI,3.33
1KI,5.67
1KI,7.75
1KI,7.67
1KI,3.17
1KI,1.5
1KI,7.25
1KI,5.58
1KI,4.08
1KI,6.75
1KI,5.67
1KI,6.67
1KI,1.33
1KI,7.75
1KI,5.33
1KI,3.5
1KI,3.83
1KI,5.58
1KI,8.17
1KI,2.17
1KI,5
1KI,6.92
1KI,5.92
1KI,1.5
1KI,6.42
1KN,7.42
1KN,6.67
1KN,7.17
1KN,5.75
1KN,2.5
1KN,5.08
1KN,4.17
1KN,9
1KN,7.42
1KN,7.67
1KN,2.08
1KN,2.33
1KN,4.67
1KN,5.25
1KN,8
1KN,6.25
1KN,6.08
1KN,6.42
1KN,5.42
1KN,7.83
1KN,7.83
1KN,2.83
1KN,7.75
1KN,7.92
1KN,6.42
1KN,7
1KN,4.33
1KN,9
1KN,7.67
1KN,5.92
1KN,4.25
1KN,5.42
1KN,3.92
1KN,2.58
1KN,2.67
1KN,8.08
1KN,6.42
1KN,6.08
1KN,3.67
1KN,4.5
1KN,7.58
1KN,7
1KN,5.42
1KN,8.08
1KN,4.75
1KN,1.58
1KN,7.5
1KN,3.83
1KN,6.83
1KN,7.58
1KN,7
1KN,6.67
1KN,7.33
1KN,7.83
1KN,8.17
1KN,4.83
1KN,6.42
1KN,4.5
1KN,8.08
1KN,6.33
1KN,5.25
1KN,6.33
1KN,5.42
1KN,5.5
1KN,2.5
1KN,6.33
1KN,5.75
1KN,3.75
1KN,3.33
1KN,7
1KN,8.33
1KN,3.75
1KN,8.33
1KN,4.17
1KS,7.42
1KS,7.33
1KS,6.42
1KS,9
1KS,8
1KS,5
1KS,7.5
1KS,8.17
1KS,6.25
1KS,7.83
1KS,7.83
1KS,7.33
1KS,8.33
1KS,6.92
1KS,7.5
1KS,3.33
1KS,8.17
1KS,5.08
1KS,6.92
1KS,7.67
1KS,7
1KS,7.83
1KS,8.25
1KS,8.25
1KS,9.33
1KS,5.25
1KS,6.5
1KS,2.08
1KS,7.83
1KS,6.75
1KS,8.83
1KS,8.17
1KS,8.5
1KS,6.75
1KS,5.83
1KS,8.67
1KS,8.83
1KS,7.92
1KS,7.17
1KS,7.83
1KS,8.33
1KS,2.92
1KS,3.83
1KS,7.5
1KS,3.75
1KS,8.5
1KS,7.5
1KS,7
1KS,9.33
1KS,2.5
1KS,5.42
1KS,6.83
1KS,8.5
1KS,8.17
1KS,8.5
1KS,6.92
1KS,4.08
1KS,3.33
1KS,7.58
1KS,9
1KS,7.42
1KS,7.92
1KS,7.58
1KS,5.58
1KS,8.33
1KS,7.08
1KS,3.17
1KS,3.83
1KS,5.33
1KS,7.58
1KS,7.42
1KS,8.75
1KS,6.83
1KS,1.08
1KS,7.83
1KS,7.42
1KS,5.75
1KS,8.17
1KS,1.92
1KS,7.5
1KS,8.08
1KS,9.58
1KS,8.83
1KS,4.75
1KS,8.67
1KS,8.42
1KS,9
1KS,7.5
1KS,4.92
1KS,8.17
1KS,8.33
1KS,7.5
1KS,6.83
1KS,9.17
1KS,7
1KS,1.33
1KS,8.17
1KS,4.42
1KS,9.33
1KS,8.33
1KS,4.5
1KS,7.83
1KS,6.33
1KS,9.33
1KS,3.58
1KS,8.17
1KS,6.42
1KS,8.58
1KS,5
1KS,4.33
1KS,7.17
1KS,7.42
1KS,8.17
1KS,7.25
1KS,8.17
1KS,9.17
1KS,7.5
1KS,9.5
1KT,5.33
1KT,5
1KT,7.58
1KT,1.83
1KT,6.5
1KT,5.17
1KT,1
1KT,6.5
1KT,1.67
1KT,6.42
1KT,6
1KT,4.33
1KT,7
1KT,0.67
1KT,4.42
1KT,4.17
1KT,7.5
1KT,6.67
1KT,8.08
1KT,6.33
1KT,1.58
1KT,0.67
1KT,6.25
1KT,6.75
1KT,7.25
1KT,7.33
1KT,5.75
1KT,4.75
1KT,3.42
1KT,3
1KT,8.5
1KT,7.08
1KT,8.33
1KT,3.08
1KT,3
1KT,9
1KT,5.08
1KT,6.5
1KT,5.75
1KT,1.92
1KT,7.25
1KT,9
1KT,3.42
1KT,6
1KT,8.25
1KT,8.5
1KT,5.33
1KT,4.25
1KT,5.67
1KT,7
1KT,4
1KT,4.67
1KT,0.5
1KT,6.92
1KT,6.58
1KT,4.17
1KT,7.75
1KT,2
1KT,5.25
1KT,7.67
1KT,7.42
1KT,3.83
1KT,2.67
1KT,5.92
1KT,7.83
1KT,5.5
1KT,1.33
1KT,7.75
1KT,7.92
1KT,4.83
1KT,5.83
1KT,7.83
1KT,7.25
1KT,4.33
1KT,7.17
1KT,3.33
1KT,7.08
1KT,7.08
1KT,3.08
1KT,3.92
1KT,5.33
1KT,6.75
1KT,7.25
1KT,7.58
1KT,7.08
1KT,5.25
1KT,6
1KT,2.5
1KT,5.42
1KT,1
1KT,6.83
1KT,6.83
1KT,5.08
1KT,6.25
1KT,1.92
1KT,7.75
1KT,1.25
1KT,7.58
1KT,7.5
1KT,1.92
1ME,1.33
1ME,6.5
1ME,4.58
1ME,1.92
1ME,4.08
1ME,7.25
1ME,5
1ME,1.83
1ME,1.25
1ME,0.67
1ME,3.92
1ME,1.75
1ME,5.75
1ME,1.83
1ME,1.25
1ME,8.58
1ME,2.83
1ME,3.33
1ME,6.67
1ME,5.67
1ME,6.25
1ME,4.5
1ME,4.75
1ME,6.42
1ME,3.75
1ME,6.83
1ME,6.67
1ME,5.42
1ME,2.75
1ME,1.5
1ME,6.92
1ME,6.75
1ME,3.92
1ME,2.92
1ME,7.25
1ME,8.83
1ME,1.75
1ME,6
1ME,5.5
1ME,3.25
1ME,1
1ME,6.08
1ME,5.58
1ME,6.75
1ME,3
1ME,6.83
1ME,3.67
1ME,6.08
1ME,2.75
1ME,6.75
1ME,2.33
1ME,7.08
1ME,0.42
1ME,8.17
1ME,1.67
1ME,5.33
1ME,6.08
1ME,5.75
1ME,6.92
1ME,3.42
1ME,1.75
1ME,4.92
1ME,5.5
1ME,4.5
1ME,5
1ME,4.33
1ME,0.83
1ME,6.42
1ME,4.25
1ME,5.08
1ME,2.92
1ME,3.08
1ME,6.67
1ME,3.75
1ME,1.67
1ME,3.75
1ME,7.5
1ME,5.5
1ME,3.83
1ME,2.67
1ME,2.75
1ME,1.83
1ME,6.75
1ME,5.92
1ME,7.42
1ME,4.67
1ME,3.83
1ME,0.92
1ME,3.5
1ME,1.08
1ME,7.75
1ME,4.67
1ME,4
1ME,4
1ME,5.42
1ME,3.17
1ME,3.08
1MJ,2.83
1MJ,5.92
1MJ,4.33
1MJ,5.92
1MJ,3.58
1MJ,7.75
1MJ,7.92
1MJ,3.17
1MJ,5.67
1MJ,6.25
1MJ,4.92
1MJ,1.17
1MJ,2.92
1MJ,9.17
1MJ,6.83
1MJ,6.42
1MJ,1.83
1MJ,6.92
1MJ,6.92
1MJ,6.92
1MJ,2.5
1MJ,6.67
1MJ,9.08
1MJ,7.75
1MJ,4.17
1MJ,9.42
1MJ,7.42
1MJ,5
1MJ,1.25
1MJ,8.83
1MJ,3.83
1MJ,7.33
1MJ,2.5
1MJ,7.83
1MJ,6.58
1MJ,6.83
1MJ,8.08
1MJ,1.33
1MJ,6.33
1MJ,2.33
1MJ,7.75
1MJ,8.67
1MJ,7.92
1MJ,8.75
1MJ,4.42
1MJ,7.92
1MJ,7.5
1MJ,2.83
1MJ,6.67
1MJ,6.67
1MJ,7.58
1MJ,7.42
1MJ,6.5
1MJ,5.58
1MJ,7.67
1MJ,6.08
1MJ,5.92
1MJ,8.42
1MJ,5
1MJ,8
1MJ,7.5
1MJ,4.08
1MJ,5.33
1MJ,7
1MJ,2.25
1MJ,2.67
1MJ,9.33
1MJ,6.17
1MJ,3.83
1MJ,8.5
1MJ,4
1MJ,7.42
1MJ,7.83
1MJ,3.67
1MJ,7.25
1MJ,5.5
1MJ,8.67
1MJ,7.75
1MJ,8.25
1MJ,6.92
1MJ,7.42
1MJ,4.5
1MJ,8.33
1MJ,2.08
1MJ,7.25
1MJ,7
1MJ,8.5
1MJ,7
1MJ,5.75
1MJ,8.33
1MJ,3.83
1MJ,8.58
1MJ,8.5
1MJ,9.17
1MJ,7.25
1MJ,7.08
1MJ,3.33
1MJ,8.33
1MJ,7.5
1MJ,7.42
1MJ,4.33
1MJ,6.75
1MJ,8.25
1MJ,6.83
1MJ,2.25
1MJ,7.17
1MJ,4.33
1MJ,6.67
1MJ,5.67
1MJ,6.67
1MJ,7.75
1MJ,7.33
1MJ,4.25
1MJ,1.92
1MJ,8.67
1MJ,6.67
1MJ,3.83
1MJ,6.75
1MJ,7.42
1MJ,8.08
1MJ,4.92
1MJ,6.33
1MJ,7.58
1MJ,5.08
1MJ,6.5
1MJ,7.83
1MJ,5.08
1MJ,6.42
1MJ,8.17
1MJ,6
1MJ,6.17
1MJ,7.25
1MJ,3
1MJ,7.08
1MJ,7.92
1MJ,6.92
1MJ,6.75
1MJ,4.75
1MJ,2
1MJ,5.17
1MJ,7.83
1MJ,4.25
1MJ,1.17
1MJ,7.42
1MJ,6.42
1MJ,5.08
1MJ,7.67
1MJ,7.08
1MJ,7
1MJ,8.17
1MJ,6.08
1MJ,6.92
1MJ,9.17
1MJ,2.92
1MJ,7.83
1MJ,6.75
1MJ,7.17
1MJ,9.42
1MJ,8.25
1MJ,8.67
1MJ,7.08
1MJ,7.08
1MJ,7
1MJ,7.17
1MJ,8.83
1MJ,3.33
1MJ,6
1MJ,6.92
1MJ,4.83
1MJ,3.33
1MJ,2.25
1MJ,8.33
1MJ,4.17
1MV,9.5
1MV,9.5
1MV,7.5
1MV,8.17
1MV,9.33
1MV,8.83
1MV,6.92
1MV,8.42
1MV,9.17
1MV,6.5
1MV,8.67
1MV,9.17
1MV,4.83
1MV,7.17
1MV,9.17
1MV,6.67
1MV,9
1MV,9
1MV,7.42
1MV,6
1MV,8
1MV,8.5
1MV,5.83
1MV,7.17
1MV,7.92
1MV,6.33
1MV,7.5
1MV,8.33
1MV,7.17
1MV,7.17
1MV,8.08
1MV,6.83
1MV,3
1MV,9.33
1MV,7.08
1MV,8
1MV,8.75
1MV,6.83
1MV,6
1MV,7.17
1MV,5.17
1MV,8.42
1MV,8.25
1MV,7.83
1MV,8.75
1MV,5.42
1MV,9.5
1MV,9.17
1MV,9.67
1MV,4.83
1MV,9.67
1MV,7.42
1MV,9.5
1MV,8.5
1MV,7.83
1MV,9.33
1MV,8.17
1MV,7.92
1MV,8.5
1MV,9.5
1MV,5.75
1MV,8.17
1MV,8.83
1MV,2
1MV,6.67
1MV,9.17
1MV,8.83
1MV,6
1MV,8.5
1MV,7.33
1MV,9.17
1MV,9.67
1MV,8.17
1MV,8.5
1MV,5.17
1MV,7.58
1MV,8.33
1MV,3.75
1MV,8.33
1MV,9
1MV,9.5
1MV,1.83
1MV,4.75
1MV,5.58
1MV,6.83
1MV,8.17
1MV,4.33
1MV,7.83
1MV,1.5
1MV,7.5
1MV,9.33
1MV,9.67
1MV,9.17
1MV,6.58
1MV,7.5
1MV,4.17
1MV,8.67
1MV,6.92
1MV,7.08
1MV,9.5
1MV,7.42
1MV,8.83
1MV,8.67
1MV,7.42
1MV,9.33
1MV,7.42
1MV,5.83
1MV,8.17
1MV,8.17
1MV,8.5
1MV,8.67
1MV,8
1MV,5.5
1MV,8.08
1MV,6
1MV,8.25
1MV,7.75
1MV,7.5
1MV,7.67
1MV,7.58
1MV,8.42
1MV,7.17
1MV,9.17
1MV,9.5
1MV,2.83
1MV,7.33
1MV,7.58
1MV,4.5
1NJ,3
1NJ,3
1NJ,2.75
1NJ,2.25
1NJ,1.08
1NJ,0.92
1NJ,2.08
1OX,7.42
1OX,2.17
1OX,1.5
1OX,6
1OX,3.17
1OX,3.92
1OX,3.67
1OX,6.92
1OX,4.08
1OX,4.17
1OX,8.83
1OX,8.5
1OX,3.33
1OX,8.67
1OX,5.83
1OX,5.17
1OX,8.42
1OX,8
1OX,4.08
1OX,5
1OX,4.5
1OX,3
1OX,4.58
1OX,5.25
1OX,8.83
1OX,2.5
1OX,2.67
1OX,6.58
1OX,5.67
1OX,7.33
1OX,7.17
1OX,8.83
1OX,9.33
1OX,4.5
1OX,2.92
1OX,4.83
1OX,7.17
1OX,4.83
1OX,9
1OX,8.83
1OX,5.17
1OX,8.58
1OX,8.33
1OX,5.83
1OX,7.83
1OX,7.25
1OX,4.5
1OX,3.58
1OX,7.58
1OX,4.17
1OX,1.83
1OX,6.08
1OX,8.42
1OX,7.33
1OX,4.08
1OX,5.5
1OX,7.67
1OX,7.58
1OX,6.67
1OX,2.67
1OX,7.83
1OX,8.33
1OX,3.42
1OX,7.17
1OX,8.67
1OX,1.67
1OX,4.58
1OX,3.08
1OX,8.25
1OX,8.17
1OX,5.5
1OX,3.42
1OX,9.17
1OX,4.83
1OX,0.67
1OX,4.67
1OX,7.67
1OX,3.08
1OX,6.25
1OX,8.08
1OX,7.58
1OX,6.67
1OX,2.58
1OX,7.92
1OX,6
1OX,8.67
1OX,3.33
1OX,6.83
1OX,4.75
1OX,8.67
1OX,7.33
1OX,1.75
1OX,5.42
1OX,2.17
1OX,8
1OX,6.83
1OX,3.92
1OX,3.17
1OX,5.75
1OX,7.92
1OX,4.25
1OX,7.75
1PE,8.25
1PE,8
1PE,6.83
1PE,7.5
1PE,7.5
1PE,8.33
1PE,7.75
1PE,8.75
1PE,8.08
1PE,8.5
1PE,7.92
1PE,8.67
1PE,8.25
1PE,0.42
1PE,7.75
1PE,7.58
1PE,7.5
1PE,8.75
1PE,9
1PE,2.92
1PE,5.5
1PE,8.08
1PE,5.25
1PE,7.92
1PE,7.5
1PE,9.17
1PE,7.25
1PE,7.58
1PE,4.42
1PE,8
1PE,6.92
1PE,6.25
1PE,7.58
1PE,8.67
1PE,7.58
1PE,8
1PE,8.5
1PE,4
1PE,8.17
1PE,9
1PE,7.17
1PE,6.67
1PE,1.67
1PE,6.67
1PE,6.67
1PE,7.42
1PE,5.67
1PE,1.83
1PE,7.75
1PE,7.25
1PE,7.58
1PE,4.92
1PE,7.5
1PE,9
1PE,5.83
1PE,6.25
1PE,7
1PE,6.42
1PE,9.17
1PE,2.67
1PE,7.42
1PE,7.83
1PE,8.67
1PE,8.25
1PE,0.42
1PE,9
1PE,8
1PE,7.5
1PE,8.33
1PE,5.92
1PE,7.5
1PE,9.25
1PE,8.5
1PE,8.17
1PE,8.83
1PE,7.42
1PE,8.75
1PE,6.25
1PE,6.5
1PE,7.83
1PE,7
1PE,7.42
1PE,8.42
1PE,8.83
1PE,2.17
1PE,7.5
1PE,8.5
1PE,7.67
1PE,7.58
1PE,3.67
1PE,8.58
1PE,8.5
1PE,8.42
1PE,8.08
1PE,3
1PE,7.75
1PE,8.92
1PE,4.67
1PE,9.58
1PE,7.75
1PE,8.58
1PE,7
1PE,8.33
1PE,9.67
1PE,5.58
1PE,7.67
1PE,9
1PE,8.33
1PE,8.42
1PE,8.42
1PE,6.08
1PE,7.17
1PE,4.83
1PE,8.83
1PE,8
1PE,5
1PE,2.08
1PE,2.92
1PE,7.83
1PE,7.75
1PE,8.67
1PE,1.67
1PE,8.75
1PE,2.67
1PE,8.75
1PE,9
1PE,9.08
1PE,5.33
1PE,8
1PE,7.25
1PE,4.42
1PE,8.08
1PE,8.42
1PE,7.75
1PE,7
1PE,8.25
1PE,5
1PE,8.33
1PE,6.67
1PE,8.58
1PE,6.67
1PE,7.75
1PE,8.58
1PE,9.25
1PE,9
1PE,8.33
1PE,7.33
1PE,7.42
1PE,9.25
1PE,9
1PE,9.17
1PE,8.75
1PE,7.83
1PE,8.92
1PE,9
1PE,9
1PE,7.92
1PE,8.83
1PE,8.25
1PE,8.92
1PE,7.17
1PE,9.17
1PE,8.42
1PE,6.5
1PE,9
1PE,6.58
1PE,1.92
1PE,7.75
1PE,5.75
1PE,8.5
1PE,7.25
1PE,8
1PE,7.08
1PE,7.08
1PE,8.17
1PE,3.58
1PE,6.58
1PE,9.25
1PE,8.42
1PE,6.17
1PE,6.67
1PE,7.33
1PE,7.08
1PE,7
1PE,7.25
1PN,6
1PN,1.92
1PN,2.08
1PN,1.92
1PN,2
1PN,5.83
1PN,6.33
1PN,2.42
1PN,7.08
1PN,7.17
1PN,6.75
1PN,3.5
1PN,4.33
1PN,1.92
1PN,1.17
1PN,1.75
1PN,4.67
1PN,5.25
1PN,7.83
1PN,7.42
1PN,3.08
1PN,1.25
1PN,2.42
1PN,2.83
1PN,4
1PN,2.08
1PN,1.67
1PN,3.92
1RC,3.83
1RC,6.17
1RC,6.08
1RC,4.42
1RC,2
1RC,1.83
1RC,8.08
1RC,1.92
1RC,3.67
1RC,1.25
1RC,8.17
1RC,5.42
1RC,4.17
1RC,2.42
1RC,4.83
1RC,5.75
1RC,5.33
1RC,1.83
1RC,5.25
1RC,4.92
1RC,4.75
1RC,7.92
1RC,7.5
1RC,3.17
1RC,5.92
1RC,6.42
1RC,4.83
1RC,6.67
1RC,3.5
1RC,2.67
1RC,4.42
1RC,8.5
1RC,6.08
1RC,8.25
1RC,4.5
1RC,4.5
1RC,2.58
1RC,2.75
1RC,1.92
1RG,8.67
1RG,5.58
1RG,3
1RG,4
1RG,6.08
1RG,2
1RG,9
1RG,4
1RG,9.17
1RG,4.58
1RG,7.58
1RG,5.83
1RG,4.75
1RG,7.5
1RG,6.83
1RG,4.75
1RG,3.67
1RG,2.67
1RG,4.33
1RG,3.75
1RG,2.67
1RG,8.67
1RG,9
1RG,7.33
1RG,4.58
1RG,2.83
1RG,7.83
1RG,6.67
1RG,5.75
1RG,4.5
1RG,8.33
1RG,4.42
1RG,5.25
1RG,3.75
1RG,8
1RG,6.42
1RG,4.67
1RG,8.75
1RG,7.83
1RG,8.67
1RG,7.67
1RG,8.67
1RG,8.75
1RG,1.58
1RG,4.17
1RG,6.58
1RG,6.42
1RG,8
1RG,3.92
1RG,7.33
1RG,4.25
1RG,7.58
1RG,1.67
1RG,7.83
1RG,8.17
1RG,5.67
1RG,2.83
1RG,8.17
1RG,7.08
1RG,8
1RG,3
1RG,6.5
1RG,6.75
1RG,2.67
1RG,4.5
1RG,8.17
1RG,7.67
1RG,4.83
1RG,8.5
1RG,4.67
1RG,4.58
1RG,6.42
1RG,2.92
1RG,5.67
1RG,2.5
1RG,2
1RG,3.25
1RG,5.08
1RG,7.33
1RG,5.42
1RG,6.83
1RG,6.33
1RG,7.25
1RG,7.33
1RG,2.33
1RG,6.17
1RG,7.67
1RG,8.17
1RG,3.92
1RG,5.75
1RG,3.58
1RG,5.42
1RG,8.67
1RG,6.75
1RG,7.75
1RG,7.5
1RG,4.33
1RG,6.25
1RG,1.08
1RG,6.17
1RG,6.75
1RG,8.25
1RG,0.58
1RG,3.92
1RG,7.17
1RG,1.17
1RG,6.83
1RG,8.5
1RG,1.75
1RG,4.5
1RG,6.92
1RG,7.42
1RG,6.92
1RG,7
1RG,5.75
1RG,8.17
1RG,1.25
1RG,3.08
1RI,2.75
1RI,1
1RI,3.58
1RI,7.75
1RI,3.42
1RI,4.75
1RI,8.33
1RI,6.92
1RI,3.25
1RI,8
1RI,2.58
1RI,8.08
1RI,0.67
1RI,5.92
1RI,8.08
1RI,2.5
1RI,6.33
1RI,3.83
1RI,6.83
1RI,7.83
1RI,6
1RI,4.83
1RI,8.33
1RI,7.92
1RI,5.17
1RI,5.17
1RI,0.5
1RI,2.92
1RI,6.92
1RI,1.25
1RI,2.83
1RI,7.42
1RI,7.33
1RI,1.17
1RI,6.17
1RI,5.58
1RI,6
1RI,5.33
1RI,7.83
1RI,3.92
1RI,7.08
1RI,5.92
1RI,6.17
1RI,3.75
1RL,2.58
1RL,5.58
1RL,6.92
1RL,7.08
1RL,5.67
1RL,7.67
1RL,6.17
1RL,7.58
1RL,6.75
1RL,6.17
1RL,3.67
1RL,5.33
1RL,4.5
1RL,1.92
1RL,4.33
1RL,2.33
1RL,6.25
1RL,2.08
1RL,8.42
1RL,7.67
1RL,5.5
1RL,1.83
1RL,8.75
1RL,8.67
1RL,7
1RL,8
1RL,1.75
1RL,3
1RL,5.5
1RL,3.58
1RL,7.5
1RL,3
1RL,6.25
1RL,6.5
1RL,8.08
1RL,7.33
1RL,5.5
1RL,4.17
1RL,7.58
1RL,5.17
1RL,1.67
1RL,8.25
1RL,7.25
1RL,7.08
1RL,7.33
1RL,7.75
1RL,7.17
1RL,0.92
1RL,6.58
1RL,8.25
1RL,4.17
1RL,3.83
1RL,2.17
1RL,6.83
1RL,5.67
1RL,6.83
1RL,5.25
1RL,3.08
1RL,4.58
1RL,5.25
1RL,7.08
1RL,7.75
1RL,5.17
1RL,3.17
1RL,2.92
1RL,6.83
1RL,6.58
1RL,5.5
1RL,4
1RL,6.92
1RL,2.08
1RL,2.17
1RL,5.33
1RL,1.25
1RL,5.58
1RL,4.17
1RL,7.17
1RL,4.42
1RL,5.42
1RL,8.25
1RL,5.92
1RL,7.42
1RL,2.58
1RL,2.17
1RL,5.58
1RL,2.83
1RL,8.17
1RL,1.25
1RL,4.08
1RL,3.5
1RL,1.42
1RL,5.58
1RL,5.42
1RL,7.92
1RL,4.75
1RL,2.75
1RL,4.25
1RL,5.67
1RL,2.83
1RL,3.5
1RL,5.83
1RL,7.08
1RL,2.83
1RL,5.42
1RL,0.58
1RL,6
1RL,1.67
1RL,8.67
1RL,7.92
1RL,5.08
1RL,8.83
1RN,6
1RN,7.67
1RN,7.5
1RN,8.83
1RN,9.17
1RN,8.33
1RN,9.17
1RN,9.33
1RN,9.67
1RN,8
1RN,4.75
1RN,9.5
1RN,8.75
1RN,8.25
1RN,9.33
1RN,8.67
1RN,9.67
1RN,3.33
1RN,8
1RN,7.83
1RN,9.25
1RN,8.17
1RN,8
1RN,8.17
1RN,7.08
1RN,8.25
1RN,8.5
1RN,8.75
1RN,2.5
1RN,7.42
1RN,9.08
1RN,7.17
1RN,8
1RN,9.5
1RN,6.08
1RN,1.75
1RN,7.5
1RN,7.67
1RN,1.25
1RN,4.75
1RN,6.25
1RN,8.83
1RN,9.17
1RN,9
1RN,8.08
1RN,4.25
1RN,9.17
1RN,8.08
1RN,8.67
1RN,7.67
1RN,9.17
1RN,9.67
1RN,8.25
1RN,9.67
1RN,8.67
1RN,9.67
1RN,8
1RN,9.17
1RN,9.5
1RN,9.17
1RN,8.58
1RN,7.33
1RN,8.67
1RN,6.33
1RN,9.17
1RN,7.92
1RN,8.67
1RN,9.17
1RN,7.83
1RN,9
1RN,8.83
1RN,5.67
1RN,8.5
1RN,9.5
1RN,8.5
1RN,8.67
1RN,7.25
1RN,9.5
1RN,9.33
1RN,9
1RN,7.25
1RN,8.67
1RN,6.08
1RN,9.33
1RN,7.17
1RN,7.83
1RN,9
1RN,9.33
1RN,8
1RN,8.67
1RN,8.58
1RN,9
1RN,9.5
1RN,9
1RN,8.83
1RN,7.33
1RN,6.08
1RN,7.83
1RN,9.42
1RN,8.17
1RN,3
1RN,8.5
1RN,8.92
1RN,7.5
1RN,6
1RN,8.67
1RN,7.67
1RN,8
1RN,5.17
1RN,8.67
1RN,3.17
1RN,9
1RN,7.83
1RN,1.17
1RN,7.92
1RN,8.5
1RN,4.25
1RN,7.92
1RN,9.17
1RR,5.33
1RR,8
1RR,5.5
1RR,5.75
1RR,7.58
1RR,8.67
1RR,0.75
1RR,8.83
1RR,2
1RR,1.75
1RR,8
1RR,3.25
1RR,6.75
1RR,8.17
1RR,5.25
1RR,7.33
1RR,7.42
1RR,7.83
1RR,8.58
1RR,8.33
1RR,6.42
1RR,6.08
1RR,7.75
1RR,8.08
1RR,6
1RR,6.92
1RR,2
1RR,3.58
1RR,7.5
1RR,5.33
1RR,8.5
1RR,7.33
1RR,5.5
1RR,7
1RR,4.17
1RR,7.83
1RR,5.25
1RR,6.83
1RR,7.17
1RR,1.83
1RR,0.75
1RR,7
1RR,8.5
1RR,2.42
1RR,5.58
1RR,9.17
1RR,7.25
1RR,1.17
1RR,5.08
1RR,7.33
1RR,6.92
1RR,2.42
1RR,6.33
1RR,3
1RR,2.33
1RR,8.5
1RR,1.92
1RR,2.17
1RR,7
1RR,9.67
1RR,2.33
1RR,7
1RR,2.33
1RR,6.08
1RR,0.5
1RR,2
1RR,1.42
1RR,4.92
1RR,2.17
1RR,5.33
1RR,4.83
1RR,7
1RR,7.83
1RR,5.17
1RR,6.17
1RR,7.83
1RR,6.58
1RR,3.83
1RR,5.42
1RR,2.75
1RR,7.25
1RR,2.83
1RR,3.75
1RR,6.75
1RR,2.42
1RR,8.17
1RR,7.08
1RR,6.08
1RR,6.25
1RR,2.08
1RR,1.83
1RR,6.92
1RR,2.75
1RR,6.5
1RR,8.92
1RR,5.58
1RR,3.75
1RR,6.25
1RR,7.17
1RR,2.83
1RR,7.08
1RR,3.67
1RR,4.67
1RR,4.83
1RR,2.5
1RR,7.5
1RR,3.5
1RR,2.75
1RR,8.42
1RR,7.5
1RR,8.17
1RR,6.25
1RR,8.08
1RR,7.5
1RR,3.83
1RR,2.42
1RR,8.67
1RR,8.08
1RR,7.75
1RR,4.08
1RR,4
1RR,6.42
1RR,7.5
1RR,6.17
1RR,7.67
1RR,6.42
1RR,6.42
1RR,2.83
1RR,6.25
1RR,6.92
1RR,2
1RR,7.67
1RR,1.5
1RR,8.33
1RR,8.08
1RR,7.83
1RR,7.83
1RR,9.08
1RR,2.58
1RR,7.75
1RR,5.17
1RR,4
1RR,7.25
1RR,3.08
1RR,7.83
1RR,7.67
1RR,3.75
1RR,4.92
1RR,7.67
1RR,4.08
1RR,4.67
1RR,7.17
1RR,8.42
1RR,8.58
1RR,6.75
1RR,6.33
1RR,2.75
1RR,8.5
1RR,7.33
1RR,8.67
1RR,7.67
1RR,6.25
1RR,8.42
1RR,7.67
1RR,1.83
1RR,8.42
1RR,5.67
1RR,7.25
1RR,6.33
1RR,5.67
1RR,6.33
1SB,3.67
1SB,8.25
1SB,9.33
1SB,5.58
1SB,7.25
1SB,6.5
1SB,8.92
1SB,6.08
1SB,2.25
1SB,4.5
1SB,3.33
1SB,5
1SB,7
1SB,6.83
1SB,0.67
1SB,7.5
1SB,5.42
1SB,3.17
1SB,7.58
1SB,5.92
1SB,8.5
1SB,8.5
1SB,7.83
1SB,7.92
1SB,5.58
1SB,1.83
1SB,8.08
1SB,6.42
1SB,6.92
1SB,5.08
1SB,8.5
1SB,3.17
1SB,6.25
1SB,7.92
1SB,7.67
1SB,3.83
1SB,5.75
1SB,6
1SB,6.83
1SB,5.5
1SB,3.67
1SB,4
1SB,6.33
1SB,7
1SB,5.58
1SB,3.5
1SB,4.25
1SB,7.75
1SB,9
1SB,5.83
1SB,7.42
1SB,6.83
1SB,2.33
1SB,6.75
1SB,7.17
1SB,6.83
1SB,7.08
1SB,7.42
1SB,4.92
1SB,8.58
1SB,5.17
1SB,7.58
1SB,6.08
1SB,8.17
1SB,6.42
1SB,6.5
1SB,3.33
1SB,1.75
1SB,5.75
1SB,6.08
1SB,0.92
1SB,7.42
1SB,3.25
1SB,8.17
1SB,6.17
1SB,8.5
1SB,8.08
1SB,7.42
1SB,6
1SB,8.67
1SB,6.75
1SB,6
1SB,5.58
1SB,5.33
1SB,7.83
1SB,7.92
1SB,5.42
1SB,8.92
1SB,3.5
1SB,8.33
1SB,6.67
1SB,6.67
1SB,8.92
1SB,8.5
1SB,8.83
1SB,9.08
1SB,5.75
1SB,4.92
1SB,7.42
1SB,7
1SB,6.67
1SB,7.92
1SB,6.25
1SB,5.33
1SB,7.33
1SB,5.33
1SB,4.08
1SG,8.92
1SG,7.83
1SG,8.08
1SG,8.75
1SG,6.17
1SG,8
1SG,7.5
1SG,6.5
1SG,7
1SG,5.75
1SG,8.08
1SG,5.17
1SG,5.92
1SG,6.25
1SG,2.33
1SG,4.92
1SG,6.42
1SG,5.42
1SG,8.17
1SG,7.08
1SG,9.25
1SG,9.08
1SG,8.25
1SG,8
1SG,8.58
1SG,6.33
1SG,7.08
1SG,7
1SG,7.5
1SG,4.5
1SG,5.33
1SG,4.25
1SG,7.5
1SG,0.75
1SG,4.58
1SG,7.08
1SG,9.17
1SG,8.67
1SG,7.58
1SG,8.33
1SG,4.58
1SG,7.58
1SG,7.08
1SG,8.42
1SG,6.83
1SG,6.25
1SG,8.08
1SG,4.83
1SG,7
1SG,9.67
1SG,8.92
1SG,6.33
1SG,5.33
1SG,6
1SG,5.83
1SG,7.17
1SG,7.92
1SG,8.92
1SG,7
1SG,4.75
1SG,8.08
1SG,7.92
1SG,8
1SG,8.17
1SG,6
1SG,8.17
1SG,6.5
1SG,8.75
1SG,7.67
1SG,7.17
1SG,8.5
1SG,5.08
1SG,7.33
1SG,7.92
1SG,7.83
1SG,8.33
1SG,7.33
1SG,7.75
1SG,5.75
1SG,8.42
1SG,8.42
1SG,5.67
1SG,7.17
1SG,6.67
1SG,3.42
1SG,7.33
1SG,6.25
1SG,4.67
1SG,7.92
1SG,4
1SG,6
1SG,9.17
1SG,7.75
1SG,9.58
1SG,7.08
1SG,7.17
1SG,6.42
1SG,8
1SG,7.92
1SG,7.67
1SG,7.58
1SG,6.67
1SG,6.17
1SG,7.67
1SG,7.92
1SG,6.5
1SG,7.92
1SG,8.42
1SG,7.5
1SG,2.08
1SG,8.67
1SG,8.42
1SG,7.67
1SJ,7.92
1SJ,7.92
1SJ,5
1SJ,2.92
1SJ,3.58
1SJ,3.83
1SJ,8
1SJ,5.58
1SJ,7.67
1SJ,4.25
1SJ,2.92
1SJ,9.17
1SJ,7.5
1SJ,7.75
1SJ,2.08
1SJ,5.5
1SJ,6.42
1SJ,7.67
1SJ,8.17
1SJ,7.92
1SJ,7.67
1SJ,5.83
1SJ,7.17
1SJ,4.67
1SJ,9.33
1SJ,7.92
1SJ,7.83
1SJ,6.5
1SJ,7.25
1SJ,9.33
1SJ,9
1SJ,8.33
1SJ,7.67
1SJ,5.42
1SJ,9.25
1SJ,7.92
1SJ,7.58
1SJ,4.92
1SJ,6.5
1SJ,7.25
1SJ,9
1SJ,6.83
1SJ,2.83
1SJ,3.5
1SJ,7.33
1SJ,4.75
1SJ,8.42
1SJ,3.83
1SJ,5.67
1SJ,7.67
1SJ,2.42
1SJ,7.58
1SJ,5.33
1SJ,6.75
1SJ,8.33
1SJ,8.08
1SJ,5
1SJ,2.58
1SJ,7.92
1SJ,4.75
1SJ,8.92
1SJ,6.33
1SJ,8.58
1SJ,8.92
1SJ,7.17
1SJ,7.67
1SJ,4.67
1SJ,9.5
1SJ,8.25
1SJ,7.42
1SJ,6
1SJ,5.08
1SJ,7.92
1SJ,8.17
1SJ,7.58
1SJ,9.33
1SJ,7.08
1SJ,6.58
1SJ,9
1SJ,0.67
1SJ,8.33
1SJ,9.17
1SJ,9
1SJ,5.08
1SJ,5.5
1SJ,8.33
1SJ,7.75
1SJ,8.17
1SJ,1.75
1SJ,6.58
1SJ,6.83
1SJ,8.75
1SJ,8.83
1SJ,8.17
1SJ,8.33
1SJ,6.08
1SJ,5.5
1SJ,6.25
1SJ,3.83
1SJ,2.58
1SJ,4.58
1SJ,7.5
1SJ,7.92
1SJ,5.67
1SJ,7.33
1SJ,8.67
1SJ,6
1SJ,8.25
1SJ,3.75
1SJ,8.92
1SJ,5.67
1SJ,5
1SJ,4.17
1SJ,8.25
1SJ,9.08
1SJ,7.42
1SJ,6.5
1SJ,7.17
1SJ,7.75
1SK,3.92
1SK,7.17
1SK,8.58
1SK,8.17
1SK,2.5
1SK,6.33
1SK,7.58
1SK,8.5
1SK,7.83
1SK,9.33
1SK,7.33
1SK,4.5
1SK,8.25
1SK,4.25
1SK,8
1SK,7.5
1SK,6.5
1SK,2.83
1SK,8.08
1SK,7.75
1SK,9.5
1SK,8.33
1SK,6.67
1SK,8.75
1SK,7.42
1SK,7.75
1SK,6.75
1SK,5.92
1SK,7.42
1SK,5.08
1SK,8.25
1SK,8.08
1SK,7.5
1SK,8.17
1SK,4.17
1SK,5.58
1SK,8.67
1SK,8.5
1SK,8.17
1SK,6.17
1SK,7.33
1SK,2.25
1SP,7.25
1SP,6.17
1SP,7.92
1SP,7.08
1SP,4.5
1SP,3
1SP,1.33
1SP,7.67
1SP,0.5
1SP,2.92
1SP,6.5
1SP,6
1SP,7.67
1SP,8.33
1SP,8.83
1SP,7.25
1SP,4.25
1SP,7.5
1SP,7.5
1SP,7
1SP,5.67
1SP,3.92
1SP,6.25
1SP,8
1SP,6.08
1SP,7.83
1SP,5.75
1SP,3.5
1SP,3.58
1SP,8.08
1SP,3.17
1SP,5.67
1SP,7.83
1SP,3.92
1SP,0.83
1SP,7.5
1SP,5.25
1SP,4.67
1SP,7.83
1SP,5.58
1SP,7.75
1SP,3.83
1SP,5.58
1SP,8.42
1SP,3.58
1SP,6.75
1SP,5.75
1SP,8.75
1SP,8
1SP,5.58
1SP,8.08
1SP,8.5
1SP,2.83
1SP,3.08
1SP,6.75
1SP,0.67
1SP,8.83
1SP,5.67
1SP,6.58
1SP,7.75
1SP,2.33
1SP,7.67
1SP,7.92
1SP,8.17
1SP,8.5
1SP,4.58
1SP,5.17
1SP,5.67
1SP,8.5
1SP,8.33
1SP,3.92
1SP,4.5
1SP,4.08
1SP,8.67
1SP,4.25
1SP,8
1SP,6.92
1SP,1.67
1SP,4.92
1SP,7.25
1SP,4.75
1SP,7.5
1SP,7.17
1SP,7.67
1SP,5.75
1SP,8.17
1SP,7.17
1SP,1.83
1SP,4.92
1SP,4.83
1SP,3.83
1SP,3
1SP,7.83
1ST,7.08
1ST,7.67
1ST,1.5
1ST,6.92
1ST,4.08
1ST,5.17
1ST,7.67
1ST,7.75
1ST,3.5
1ST,0.33
1ST,1.08
1ST,6.75
1ST,3.83
1ST,3.33
1ST,7.42
1ST,5.17
1ST,3.92
1ST,7.83
1ST,5.67
1ST,4.75
1ST,5.5
1ST,1.17
1ST,7.17
1ST,8.5
1ST,8.42
1ST,3.67
1ST,7.83
1ST,6.83
1ST,3.92
1ST,2
1ST,4.83
1ST,7.83
1ST,1.83
1ST,7.33
1ST,9.5
1ST,9.33
1ST,7.08
1ST,4.25
1ST,8.83
1ST,3.33
1ST,4.5
1ST,0.58
1ST,5
1ST,6.25
1ST,8.25
1ST,7.67
1ST,4.75
1ST,7.67
1ST,6.17
1ST,8
1ST,6.83
1ST,2.83
1ST,6.58
1ST,7.5
1ST,1.92
1ST,5.83
1ST,1.25
1ST,4.33
1ST,7.5
1ST,3.58
1ST,8.08
1ST,8.25
1ST,4.5
1ST,1.92
1ST,7.83
1ST,6.5
1ST,3.08
1ST,7.58
1ST,2.5
1ST,1.92
1ST,4.5
1ST,6.33
1ST,8.58
1ST,6.58
1ST,5.83
1ST,9
1ST,6.67
1ST,6
1ST,4.67
1ST,3.25
1ST,6.08
1ST,4.33
1ST,6.92
1ST,3.83
1ST,5.17
1ST,2.58
1ST,1.67
1ST,9.33
1ST,7.25
1ST,7.42
1ST,6.92
1ST,4.25
1ST,1.42
1ST,5.08
1ST,3.42
1ST,6.67
1ST,7.5
1ST,9
1ST,3.83
1ST,7.42
1ST,2.83
1ST,9
1ST,8.17
1ST,4.42
1ST,8.83
1ST,7
1ST,5.75
1ST,7.67
1ST,7.33
1ST,6.25
1ST,6.75
1ST,5.42
1ST,6.42
1ST,3.92
1ST,5.17
1ST,4.58
1ST,8.17
1ST,1.75
1ST,8.67
1ST,5.58
1ST,2.83
1ST,3.33
1ST,8.42
1ST,5.92
1ST,3.67
1ST,4.75
1ST,9.17
1ST,5.92
1ST,3.67
1ST,2.92
1ST,7.5
1ST,6.58
1ST,5.58
1ST,5.75
1ST,3.75
1ST,1
1ST,1.17
1ST,5.42
1ST,3
1ST,2.17
1ST,7.83
1ST,4.42
1ST,8.17
1ST,5.92
1ST,5.83
1ST,1.5
1ST,7.83
1ST,6.5
1ST,3
1ST,6.92
1ST,4.58
1ST,4.42
1ST,8.67
1ST,6.67
1ST,5.92
1ST,1
1ST,5.75
1ST,8.5
1ST,1.92
1ST,7.33
1ST,1.42
1ST,7.83
1ST,4.75
1ST,7.67
1ST,5
1ST,4.58
1ST,5.25
1ST,3.5
1ST,6.58
1ST,4.67
1ST,9
1ST,3.42
1ST,5.92
1ST,6.5
1ST,7.42
1ST,5
1SW,5.58
1SZ,1.33
1SZ,4.17
1SZ,5.5
1SZ,3.75
1SZ,4.42
1SZ,6.83
1SZ,4.33
1SZ,4
1SZ,4.08
1SZ,6.17
1SZ,6.08
1SZ,4.58
1TJ,6.25
1TJ,7.42
1TJ,7.75
1TJ,3.17
1TJ,1.25
1TJ,4.75
1TJ,7.08
1TJ,8.58
1TJ,5.92
1TJ,1.25
1TJ,5.92
1TJ,7.33
1TJ,7.5
1TJ,3.67
1TJ,6.5
1TJ,5.17
1TJ,4.92
1TJ,3
1TJ,4.67
1TJ,7.42
1TJ,5.08
1TJ,2.17
1TJ,6.33
1TJ,1.92
1TJ,4.75
1TJ,8.17
1TJ,5.33
1TJ,3.08
1TJ,8
1TJ,7.33
1TJ,2.42
1TJ,8.25
1TJ,2.17
1TJ,2.58
1TJ,8.08
1TJ,6.08
1TJ,7.33
1TJ,6.17
1TJ,2
1TJ,3.67
1TJ,3.08
1TJ,6.58
1TJ,5.5
1TJ,4.17
1TJ,8.92
1TJ,8.92
1TJ,8.25
1TJ,4.67
1TJ,1.58
1TJ,7.17
1TJ,2.25
1TJ,6.83
1TJ,1.42
1TJ,5.92
1TJ,8
1TJ,5.42
1TJ,6.58
1TJ,8.75
1TJ,6.5
1TJ,3.92
1TJ,8.17
1TJ,6.83
1TJ,6.83
1TJ,4.92
1TJ,5.75
1TJ,4
1TJ,5.17
1TJ,6.75
1TJ,6.67
1TJ,6.08
1TJ,7.58
1TJ,7.42
1TJ,6.75
1TJ,9.08
1TJ,7.83
1TJ,4.83
1TJ,5.67
1TJ,1.17
1TJ,6.92
1TJ,6.17
1TJ,0.5
1TJ,5.08
1TJ,5.08
1TJ,3.83
1TJ,2.5
1TJ,7.08
1TJ,7.25
1TJ,2.33
1TJ,7.67
1TJ,6.75
1TJ,7.42
1TJ,8.42
1TJ,2.08
1TJ,6.25
1TJ,3.17
1TJ,7.58
1TJ,6.5
1TJ,7.67
1TJ,7.25
1TJ,8.08
1TJ,1.75
1TJ,3.83
1TJ,5.75
1TJ,6.33
1TJ,3.17
1TJ,8.33
1TJ,4.25
1TJ,6.33
1TJ,3
1TJ,1.17
1TJ,5.08
1TJ,7.42
1TJ,8.5
1TJ,5.67
1TJ,4.17
1VA,7.67
1VA,9.5
1VA,3.92
1VA,5.33
1VA,1
1VA,7.92
1VA,7.42
1VA,7.5
1VA,7.08
1VA,4.17
1VA,6.33
1VA,8.17
1VA,8
1VA,8.5
1VA,8.08
1VA,4.25
1VA,4.08
1VA,7.08
1VA,7.75
1VA,7.92
1VA,6.75
1VA,8.83
1VA,7.83
1VA,8.17
1VA,4.17
1VA,5.33
1VA,5.67
1VA,6.5
1VA,8.33
1VA,5.25
1VA,4.58
1VA,8.33
1VA,7.58
1VA,5.17
1VA,7.67
1VA,4.08
1VA,6.17
1VA,7.75
1VA,5.25
1VA,4.17
1VA,9.33
1VA,8.33
1VA,4.75
1VA,8.33
1VA,7.42
1VA,9
1VA,8.67
1VA,6.25
1VA,5.42
1VA,7.25
1VA,7.67
1VA,0.67
1VA,8.67
1VA,5.75
1VA,2.58
1VA,6.33
1VA,6.67
1VA,7.92
1VA,6.25
1VA,6.25
1VA,7.58
1VE,8.33
1VE,5.42
1VE,5.75
1VE,5.67
1VE,6.5
1VE,6.92
1VE,5.67
1VE,5.58
1VE,9
1VE,7.33
1VE,6.58
1VE,7.17
1VE,2.75
1VE,8
1VE,6.42
1VE,6.75
1VE,6.33
1VE,3.67
1VE,6.08
1VE,6.33
1VE,7.42
1VE,6.83
1VE,3.92
1VE,7.75
1VE,8.33
1VE,1.67
1VE,8.67
1VE,6.5
1VE,5.25
1VE,8.58
1VE,5.33
1VE,7.42
1VE,8.17
1VE,6
1VE,2.25
1VE,7.67
1VE,1.75
1VE,6.75
1VE,4.92
1VE,8.83
1VE,6.58
1VE,6.83
1VE,1.08
1VE,5.5
1VE,7.33
1VE,8.08
1VE,8.83
1VE,7.92
1VE,6.17
1VE,8.67
1VE,5
1VE,1.5
1VE,6.33
1VE,5.67
1VE,6.67
1VE,9.5
1VE,8.75
1VE,8.83
1VE,3.75
1VE,7.75
1VE,7
1VE,5
1VE,7.83
1VE,8.25
1VE,6.92
1VE,8.42
1VE,3.83
1VE,7.75
1VE,8.33
1VE,8.92
1VE,2.83
1VE,7.5
1VE,9
1VE,8.42
1VE,6.42
1VE,1.83
1VE,5.5
1VE,4.42
1VE,7.75
1VE,4
1VE,6.92
1VE,2.58
1VE,7.17
1VE,8.17
1VE,7.08
1VE,4.92
1VE,8.42
1VE,5.83
1VE,8.25
1VE,5.83
1VE,8.08
1VE,8.33
1VE,6.75
1VE,5.92
1VE,9
1VE,7
1VE,4
1VE,5.92
1VE,8.83
1VE,7.83
1VE,9
1VE,3.33
1VE,8.17
1VE,7.25
1VE,2.25
1VE,5.08
1VE,8.5
1VE,9.25
1VE,6.17
1VE,7.17
1VE,8.58
1VE,3.67
1VE,4.5
1VE,7.75
1VE,3.33
1VE,8.83
1VE,8.08
1VE,5.5
1VE,4
1VE,3.83
1VI,1.58
1VI,2.08
1VI,7.83
1VI,9.17
1VI,6.08
1VI,8.67
1VI,6.17
1VI,6.33
1VI,9.17
1VI,9
1VI,4.83
1VI,3.17
1VI,8
1VI,6.67
1VI,5
1VI,6.25
1VI,8
1VI,6.33
1VI,5.58
1VI,7.5
1VI,5.17
1VI,8.67
1VI,9
1VI,5.92
1VI,6.25
1VI,4.67
1VI,7.17
1VI,6.08
1VI,6.58
1VI,8.17
1VI,8.08
1VI,7.5
1VI,0.75
1VI,8.17
1VI,7.08
1VI,5.83
1VI,8.83
1VI,6.08
1VI,9
1VI,7.33
1VI,5.17
1VI,8
1VI,3.25
1VI,3.75
1VI,0.75
1VI,9.17
1VI,8
1VI,3.5
1VI,5.75
1VI,6.25
1VI,7.25
1VI,6.08
1VI,7.83
1VI,8.5
1VI,6.58
1VI,6.83
1VI,6.92
1VI,2.92
1VI,3.92
1VI,6.25
1VI,1.83
1VI,8.92
1VI,2.42
1VI,7.17
1VI,8.92
1VI,7.42
1VI,9.5
1VI,6
1VI,7.75
1VI,6.5
1VI,7.42
1VI,2.92
1VI,1.08
1VI,7.92
1VI,6.25
1VI,7.83
1VI,4.42
1VI,8.75
1VI,7.67
1VI,6.92
1VI,7.58
1VI,9.17
1VI,5.92
1VI,7.67
1VI,8.67
1VI,0.67
1VI,10
1VI,8.5
1VI,7.33
1VI,8
1VI,9
1VI,4
1VI,8.33
1VI,2.92
1VI,3.92
1VI,6.67
1VI,6.42
1VI,9.5
1VI,6.58
1VI,2.75
1VI,3
1VI,8.83
1VI,3.08
1VI,6.92
1VI,9.17
1VI,7
1VI,7.42
1VI,8.42
1VI,6.25
1VI,2.42
1VI,7.17
1VI,3.42
1VI,9.17
1VJ,5.83
1VJ,2.25
1VJ,5.75
1VJ,1.92
1VJ,4.25
1VJ,8.08
1VJ,2.58
1VJ,7.25
1VJ,7.75
1VJ,7.25
1VJ,8.25
1VJ,1
1VJ,6.83
1VJ,2
1VJ,2.25
1VJ,7.08
1VJ,5.67
1VJ,7.67
1VJ,8
1VJ,7
1VJ,1.17
1VJ,7.75
1VJ,3.08
1VJ,8.08
1VJ,5.5
1VJ,6.08
1VJ,9.83
1VJ,5.75
1VJ,7
1VJ,5.25
1VJ,3.42
1VJ,6.08
1VJ,6.17
1VJ,5.5
1VJ,8.25
1VJ,7.67
1VJ,6.25
1VJ,5.42
1VJ,8.33
1VJ,7.08
1VJ,5.33
1VJ,6.67
1VJ,2.92
1VJ,5.42
1VJ,5.92
1VJ,7.17
1VJ,5.75
1VJ,4.42
1VJ,2.58
1VJ,3.83
1VJ,7
1VJ,4.75
1VJ,7.17
1VJ,2.58
1VJ,5.25
1VJ,5.83
1VJ,7.33
1VJ,3.92
1VJ,7.58
1VJ,4.33
1VK,2.83
1VK,1.33
1VK,1.42
1VK,6.33
1VK,6.42
1VK,2.83
1VK,5.17
1VK,4.33
1VK,6.58
1VK,1.67
1VK,7.17
1VK,8.42
1VK,7.83
1VK,1.25
1VK,5.25
1VK,7.92
1VK,7.5
1VK,6.75
1VK,3.5
1VK,7.92
1VK,3.67
1VK,5.42
1VK,6.08
1VK,5.83
1VK,5
1VK,6.25
1VK,6
1VK,8.5
1VK,7.17
1VK,8.25
1VK,4.5
1VK,4.08
1VK,2.83
1VK,7
1VK,7.42
1VK,5.75
1VK,8.67
1VK,8.83
1VK,6.83
1VK,4.5
1VK,6.92
1VK,8
1VK,2.17
1VK,7.25
1VK,3
1VK,7.67
1VK,4.83
1VK,3.25
1VK,5.08
1VK,6.08
1VK,5.83
1VK,7.75
1VK,5.08
1VK,3.67
1VK,7.08
1VK,5.08
1VK,7.33
1VK,5.33
1VK,8.67
1VK,4.67
1VK,6.25
1VK,3.17
1VK,6.75
1VK,5.33
1VK,7.42
1VK,5.33
1VK,4.42
1VK,7
1VK,1.92
1VK,8.42
1VK,7.75
1VK,4.08
1VK,6.25
1VK,6.92
1VK,3.92
1VK,8.33
1VK,3.5
1VK,6.83
1VK,2.17
1VK,2.08
1VK,5.67
1VK,6.08
1VK,3.33
1VK,7.5
1YD,5.5
1YD,4.33
1YD,3.67
1YD,2
1YD,3.5
1YD,5
1YD,0.67
1YD,4.92
1YD,4.67
1YD,2.58
1YD,4.92
1YD,7.67
1YD,5.33
1YD,6.17
1YD,2
1YD,7
1YD,5.83
1YD,5.17
1YD,5.67
1YD,7.5
1YD,4.58
1YD,5.58
1YD,1.83
1YD,8
1YD,4.5
1YD,5.33
1YD,4.83
